timestamp,hour_of_day,day_of_week,is_weekend,schedule_active,temperature_c,humidity_pct,co2_ppm,light_lux,pir_motion,noise_db,voltage_v,current_amps,power_w,equipment_status,prev_occupancy,occupant_count,required_fan_speed,required_lighting,abnormal_condition,occupancy_status
2026-09-01 08:00:00,8,Tuesday,0,0,22.22,47.3,458.1,175.3,1,33.9,218.8,0.23,51.1,STANDBY,0,0,0,0,0,EMPTY
2026-09-01 08:15:00,8,Tuesday,0,0,20.2,42.83,426.0,100.3,0,33.6,218.1,0.19,41.6,STANDBY,0,0,0,0,0,EMPTY
2026-09-01 08:30:00,8,Tuesday,0,0,,48.33,384.4,79.7,0,32.2,218.5,0.22,48.0,STANDBY,0,0,0,0,0,EMPTY
2026-09-01 08:45:00,8,Tuesday,0,0,27.17,57.55,1402.8,413.6,1,66.9,223.8,15.72,3518.3,HIGH_USAGE,0,26,5,0,0,OCCUPIED
2026-09-01 09:00:00,9,Tuesday,0,1,22.71,48.97,393.9,146.1,0,25.5,221.2,0.14,30.3,STANDBY,1,0,0,0,0,EMPTY
2026-09-01 09:15:00,9,Tuesday,0,1,27.43,62.44,1413.2,495.5,1,75.7,219.2,20.81,4562.4,HIGH_USAGE,0,36,5,0,0,OCCUPIED
2026-09-01 09:30:00,9,Tuesday,0,1,25.28,61.28,1428.5,378.2,1,74.9,217.7,12.25,2666.0,HIGH_USAGE,1,27,3,0,0,OCCUPIED
2026-09-01 09:45:00,9,Tuesday,0,1,21.34,48.45,416.2,116.0,0,34.4,221.5,0.27,59.4,STANDBY,1,0,0,0,0,EMPTY
2026-09-01 10:00:00,10,Tuesday,0,1,,60.39,1181.8,435.6,1,72.1,222.4,13.47,2995.3,HIGH_USAGE,0,15,3,0,0,OCCUPIED
2026-09-01 10:15:00,10,Tuesday,0,1,26.93,,,448.3,1,71.4,219.4,21.19,4650.1,HIGH_USAGE,1,36,3,0,0,OCCUPIED
2026-09-01 10:30:00,10,Tuesday,0,1,24.56,62.87,1221.3,459.4,1,64.8,218.1,9.05,1974.6,HIGH_USAGE,1,23,2,0,0,OCCUPIED
2026-09-01 10:45:00,10,Tuesday,0,1,26.45,56.83,1069.6,413.3,1,65.5,217.1,13.87,3011.5,HIGH_USAGE,1,13,3,0,0,OCCUPIED
2026-09-01 11:00:00,11,Tuesday,0,1,27.76,62.15,1496.3,461.1,1,71.8,217.3,20.28,4407.0,HIGH_USAGE,1,35,5,0,0,OCCUPIED
2026-09-01 11:15:00,11,Tuesday,0,1,26.14,61.82,1448.2,453.6,1,67.0,219.2,17.05,3738.3,HIGH_USAGE,1,31,3,0,0,OCCUPIED
2026-09-01 11:30:00,11,Tuesday,0,1,26.53,58.33,1526.4,402.4,1,75.6,221.5,16.67,3692.9,HIGH_USAGE,1,27,3,0,0,OCCUPIED
2026-09-01 11:45:00,11,Tuesday,0,0,21.64,53.6,427.3,136.6,0,35.7,217.6,0.23,50.9,STANDBY,1,0,0,0,0,EMPTY
2026-09-01 12:00:00,12,Tuesday,0,1,26.2,55.21,1334.3,424.4,1,69.7,220.7,15.58,3437.8,HIGH_USAGE,0,19,3,0,0,OCCUPIED
2026-09-01 12:15:00,12,Tuesday,0,1,25.94,55.15,1364.9,479.3,1,72.5,221.9,11.6,2573.1,HIGH_USAGE,1,26,3,0,0,OCCUPIED
2026-09-01 12:30:00,12,Tuesday,0,1,25.76,54.12,1294.8,414.1,1,70.2,222.2,11.34,2520.8,HIGH_USAGE,1,32,3,0,0,OCCUPIED
2026-09-01 12:45:00,12,Tuesday,0,0,26.91,59.5,1212.6,614.1,1,63.0,222.5,14.92,3320.0,HIGH_USAGE,1,18,3,0,0,OCCUPIED
2026-09-01 13:00:00,13,Tuesday,0,1,28.46,50.41,1090.1,487.5,1,60.8,218.8,12.57,2750.8,HIGH_USAGE,1,13,5,0,0,OCCUPIED
2026-09-01 13:15:00,13,Tuesday,0,0,20.97,55.17,433.7,184.5,0,35.3,220.5,0.13,28.8,STANDBY,1,0,0,0,0,EMPTY
2026-09-01 13:30:00,13,Tuesday,0,1,25.65,58.9,1411.2,467.4,1,80.5,224.1,12.87,2883.7,HIGH_USAGE,0,34,3,0,0,OCCUPIED
2026-09-01 13:45:00,13,Tuesday,0,0,21.52,50.1,411.5,141.0,0,30.6,218.8,0.28,61.9,STANDBY,1,0,0,0,0,EMPTY
2026-09-01 14:00:00,14,Tuesday,0,1,27.45,62.83,1584.1,451.9,1,70.7,215.3,19.17,4125.9,HIGH_USAGE,0,31,5,0,0,OCCUPIED
2026-09-01 14:15:00,14,Tuesday,0,1,27.45,55.49,1475.3,483.7,1,76.4,216.8,17.6,3816.8,HIGH_USAGE,1,30,5,0,0,OCCUPIED
2026-09-01 14:30:00,14,Tuesday,0,1,27.71,58.12,1579.7,496.0,1,69.9,217.9,21.36,4654.6,HIGH_USAGE,1,37,5,0,0,OCCUPIED
2026-09-01 14:45:00,14,Tuesday,0,1,26.35,62.85,1326.4,469.2,1,66.4,217.2,18.01,3911.5,HIGH_USAGE,1,28,3,0,0,OCCUPIED
2026-09-01 15:00:00,15,Tuesday,0,1,26.66,62.19,1425.2,449.2,1,66.6,224.8,18.31,4115.8,HIGH_USAGE,1,28,3,0,0,OCCUPIED
2026-09-01 15:15:00,15,Tuesday,0,1,27.55,61.54,1472.3,527.0,1,77.7,220.2,20.44,4501.4,HIGH_USAGE,1,36,5,0,0,OCCUPIED
2026-09-01 15:30:00,15,Tuesday,0,1,25.05,53.07,1227.4,431.3,1,63.6,222.1,9.21,2046.8,HIGH_USAGE,1,20,3,0,0,OCCUPIED
2026-09-01 15:45:00,15,Tuesday,0,0,22.44,51.81,402.9,147.0,0,31.5,221.0,0.2,44.1,STANDBY,1,0,0,0,0,EMPTY
2026-09-01 16:00:00,16,Tuesday,0,1,26.08,57.19,1185.2,493.7,1,65.0,218.2,13.67,2984.0,HIGH_USAGE,0,17,3,0,0,OCCUPIED
2026-09-01 16:15:00,16,Tuesday,0,1,25.39,54.16,1266.2,436.0,1,58.8,215.5,7.15,1540.5,NORMAL_USAGE,1,14,3,0,0,OCCUPIED
2026-09-01 16:30:00,16,Tuesday,0,1,25.64,62.33,1324.0,455.1,0,68.0,216.9,12.95,2809.7,HIGH_USAGE,1,33,3,0,0,OCCUPIED
2026-09-01 16:45:00,16,Tuesday,0,1,25.85,60.54,1394.2,456.5,1,70.5,223.1,12.21,2723.3,HIGH_USAGE,1,29,3,0,0,OCCUPIED
2026-09-01 17:00:00,17,Tuesday,0,1,21.96,49.87,421.2,82.6,0,32.0,221.8,3.34,741.5,WASTE_DETECTED,1,0,0,0,0,EMPTY
2026-09-01 17:15:00,17,Tuesday,0,1,26.18,56.04,931.1,495.7,0,60.0,223.4,15.14,3381.2,HIGH_USAGE,0,19,3,0,0,OCCUPIED
2026-09-01 17:30:00,17,Tuesday,0,1,25.02,63.81,1274.3,495.4,1,65.8,218.8,10.05,2197.9,HIGH_USAGE,1,25,3,0,0,OCCUPIED
2026-09-01 17:45:00,17,Tuesday,0,1,26.16,57.85,1228.9,440.7,1,71.1,216.6,13.88,3005.6,HIGH_USAGE,1,16,3,0,0,OCCUPIED
2026-09-01 18:00:00,18,Tuesday,0,0,21.41,49.68,457.5,93.7,0,26.7,220.2,0.27,58.4,STANDBY,1,0,0,0,0,EMPTY
2026-09-01 18:15:00,18,Tuesday,0,0,20.94,48.15,388.0,102.9,0,33.1,219.3,0.23,51.3,STANDBY,0,0,0,0,0,EMPTY
2026-09-01 18:30:00,18,Tuesday,0,0,22.65,53.92,397.5,106.7,0,31.9,220.5,0.17,36.5,STANDBY,0,0,0,0,0,EMPTY
2026-09-01 18:45:00,18,Tuesday,0,0,26.49,56.71,1496.1,372.3,1,64.5,220.8,17.7,3908.6,HIGH_USAGE,0,26,3,0,0,OCCUPIED
2026-09-01 19:00:00,19,Tuesday,0,0,21.53,45.29,358.6,14.1,0,36.6,218.1,0.2,44.6,STANDBY,1,0,0,0,0,EMPTY
2026-09-01 19:15:00,19,Tuesday,0,0,25.74,68.66,1508.7,361.3,1,68.6,223.5,12.67,2831.3,HIGH_USAGE,0,31,3,0,0,OCCUPIED
2026-09-01 19:30:00,19,Tuesday,0,0,22.49,43.09,441.0,17.5,0,32.7,219.5,0.2,43.4,STANDBY,1,0,0,0,0,EMPTY
2026-09-01 19:45:00,19,Tuesday,0,0,26.42,61.2,1483.6,378.5,1,60.6,219.8,18.11,3980.9,HIGH_USAGE,0,35,3,0,0,OCCUPIED
2026-09-01 20:00:00,20,Tuesday,0,0,22.62,50.25,395.6,6.7,0,33.5,218.1,0.23,49.3,STANDBY,1,0,0,0,0,EMPTY
2026-09-01 20:15:00,20,Tuesday,0,0,21.41,49.92,426.5,6.7,0,26.6,216.0,0.31,67.3,STANDBY,0,0,0,0,0,EMPTY
2026-09-01 20:30:00,20,Tuesday,0,0,23.5,44.61,405.6,17.6,0,35.0,221.4,0.26,56.5,STANDBY,0,0,0,0,0,EMPTY
2026-09-01 20:45:00,20,Tuesday,0,0,21.78,48.26,429.3,14.2,1,31.4,220.3,0.2,44.0,STANDBY,0,0,0,0,0,EMPTY
2026-09-01 21:00:00,21,Tuesday,0,0,22.85,54.23,409.5,19.4,0,33.2,214.9,0.2,42.4,STANDBY,0,0,0,0,0,EMPTY
2026-09-01 21:15:00,21,Tuesday,0,0,24.51,48.98,420.5,13.9,0,29.0,220.2,0.24,52.1,STANDBY,0,0,0,0,0,EMPTY
2026-09-01 21:30:00,21,Tuesday,0,0,22.91,46.75,448.6,18.2,0,27.6,218.9,0.29,63.2,STANDBY,0,0,0,0,0,EMPTY
2026-09-01 21:45:00,21,Tuesday,0,0,21.93,49.44,421.8,16.7,0,29.5,218.9,0.25,55.3,STANDBY,0,0,0,0,0,EMPTY
2026-09-01 22:00:00,22,Tuesday,0,0,23.0,53.63,453.9,11.1,0,34.6,215.6,0.16,35.0,STANDBY,0,0,0,0,0,EMPTY
2026-09-01 22:15:00,22,Tuesday,0,0,21.15,55.34,427.0,15.6,1,36.5,221.5,0.27,59.3,STANDBY,0,0,0,0,0,EMPTY
2026-09-01 22:30:00,22,Tuesday,0,0,24.41,46.47,453.6,10.1,0,37.6,220.1,3.37,742.5,WASTE_DETECTED,0,0,0,0,0,EMPTY
2026-09-01 22:45:00,22,Tuesday,0,0,21.99,44.96,416.0,6.7,0,35.3,221.6,0.19,43.2,STANDBY,0,0,0,0,0,EMPTY
2026-09-01 23:00:00,23,Tuesday,0,0,22.21,47.18,382.4,1.5,0,31.2,224.6,0.2,44.6,STANDBY,0,0,0,0,0,EMPTY
2026-09-01 23:15:00,23,Tuesday,0,0,21.17,55.72,413.3,15.3,0,35.4,221.7,0.17,38.7,STANDBY,0,0,0,0,0,EMPTY
2026-09-01 23:30:00,23,Tuesday,0,0,21.64,48.32,406.4,13.7,0,31.9,223.1,0.26,57.0,STANDBY,0,0,0,0,0,EMPTY
2026-09-01 23:45:00,23,Tuesday,0,0,21.57,44.67,384.8,23.8,0,25.8,218.1,0.22,48.9,STANDBY,0,0,0,0,0,EMPTY
2026-09-02 00:00:00,0,Wednesday,0,0,21.87,49.47,391.8,8.9,0,34.2,221.8,0.23,50.7,STANDBY,0,0,0,0,0,EMPTY
2026-09-02 00:15:00,0,Wednesday,0,0,23.24,49.78,393.0,13.5,0,33.3,224.4,0.14,31.6,STANDBY,0,0,0,0,0,EMPTY
2026-09-02 00:30:00,0,Wednesday,0,0,20.63,49.82,384.8,8.6,0,29.9,220.5,0.27,59.0,STANDBY,0,0,0,0,0,EMPTY
2026-09-02 00:45:00,0,Wednesday,0,0,23.82,48.34,419.1,15.8,0,31.7,221.7,0.28,62.2,STANDBY,0,0,0,0,0,EMPTY
2026-09-02 01:00:00,1,Wednesday,0,0,21.85,45.67,428.7,16.0,0,32.1,222.6,0.17,37.2,STANDBY,0,0,0,0,0,EMPTY
2026-09-02 01:15:00,1,Wednesday,0,0,23.68,53.0,426.4,20.1,0,33.4,222.0,0.2,43.7,STANDBY,0,0,0,0,0,EMPTY
2026-09-02 01:30:00,1,Wednesday,0,0,22.72,45.73,401.9,11.9,0,33.6,217.6,0.16,33.7,STANDBY,0,0,0,0,0,EMPTY
2026-09-02 01:45:00,1,Wednesday,0,0,22.72,45.42,432.3,18.5,0,35.2,216.2,0.23,49.9,STANDBY,0,0,0,0,0,EMPTY
2026-09-02 02:00:00,2,Wednesday,0,0,22.46,53.31,402.4,11.9,0,35.4,221.6,0.27,59.5,STANDBY,0,0,0,0,0,EMPTY
2026-09-02 02:15:00,2,Wednesday,0,0,22.2,47.78,401.8,18.1,0,34.9,220.3,0.24,53.5,STANDBY,0,0,0,0,0,EMPTY
2026-09-02 02:30:00,2,Wednesday,0,0,22.42,43.02,431.5,17.1,0,34.5,217.3,0.21,46.7,STANDBY,0,0,0,0,0,EMPTY
2026-09-02 02:45:00,2,Wednesday,0,0,23.32,48.08,419.0,15.1,1,35.2,221.3,0.15,33.8,STANDBY,0,0,0,0,0,EMPTY
2026-09-02 03:00:00,3,Wednesday,0,0,22.28,46.68,397.6,22.2,0,35.8,220.7,0.21,46.6,STANDBY,0,0,0,0,0,EMPTY
2026-09-02 03:15:00,3,Wednesday,0,0,23.78,46.45,422.1,22.0,0,34.7,220.8,0.24,52.4,STANDBY,0,0,0,0,0,EMPTY
2026-09-02 03:30:00,3,Wednesday,0,0,22.0,47.15,406.9,8.3,0,36.7,219.9,0.17,37.7,STANDBY,0,0,0,0,0,EMPTY
2026-09-02 03:45:00,3,Wednesday,0,0,22.24,47.85,444.6,18.4,0,32.7,224.1,0.24,54.3,STANDBY,0,0,0,0,0,EMPTY
2026-09-02 04:00:00,4,Wednesday,0,0,21.74,51.57,406.1,22.1,0,30.1,218.6,0.18,40.4,STANDBY,0,0,0,0,0,EMPTY
2026-09-02 04:15:00,4,Wednesday,0,0,24.66,46.16,458.7,13.1,0,33.9,222.7,0.22,49.3,STANDBY,0,0,0,0,0,EMPTY
2026-09-02 04:30:00,4,Wednesday,0,0,22.46,53.38,401.7,12.4,0,27.9,226.3,0.21,46.8,STANDBY,0,0,0,0,0,EMPTY
2026-09-02 04:45:00,4,Wednesday,0,0,24.72,49.75,437.0,13.2,0,30.4,221.1,0.24,52.5,STANDBY,0,0,0,0,0,EMPTY
2026-09-02 05:00:00,5,Wednesday,0,0,24.16,49.95,449.2,14.2,0,35.2,220.9,0.21,46.2,STANDBY,0,0,0,0,0,EMPTY
2026-09-02 05:15:00,5,Wednesday,0,0,22.56,43.92,424.8,18.7,0,30.8,220.5,0.26,57.0,STANDBY,0,0,0,0,0,EMPTY
2026-09-02 05:30:00,5,Wednesday,0,0,23.23,48.56,427.0,12.8,0,31.7,220.3,0.21,46.6,STANDBY,0,0,0,0,0,EMPTY
2026-09-02 05:45:00,5,Wednesday,0,0,42.0,52.7,2600.0,14.7,0,29.9,190.0,0.17,31.4,STANDBY,0,0,0,0,1,EMPTY
2026-09-02 06:00:00,6,Wednesday,0,0,23.68,51.37,436.2,165.9,0,30.8,219.8,0.23,50.2,STANDBY,0,0,0,0,0,EMPTY
2026-09-02 06:15:00,6,Wednesday,0,0,21.65,45.99,414.8,122.6,0,34.7,221.3,0.2,43.2,STANDBY,0,0,0,0,0,EMPTY
2026-09-02 06:30:00,6,Wednesday,0,0,23.37,49.38,437.7,141.3,0,31.9,221.8,0.21,46.6,STANDBY,0,0,0,0,0,EMPTY
2026-09-02 06:45:00,6,Wednesday,0,0,,47.05,401.1,94.1,0,33.1,218.4,0.21,44.9,STANDBY,0,0,0,0,0,EMPTY
2026-09-02 07:00:00,7,Wednesday,0,0,21.67,55.42,415.7,102.6,0,35.0,221.1,0.23,51.3,STANDBY,0,0,0,0,0,EMPTY
2026-09-02 07:15:00,7,Wednesday,0,0,25.38,47.93,409.9,138.4,0,31.2,217.8,0.27,59.3,STANDBY,0,0,0,0,0,EMPTY
2026-09-02 07:30:00,7,Wednesday,0,0,21.62,,415.5,82.8,0,32.1,221.4,0.18,40.4,STANDBY,0,0,0,0,0,EMPTY
2026-09-02 07:45:00,7,Wednesday,0,0,22.97,50.04,428.9,99.7,0,37.4,220.3,0.24,53.7,STANDBY,0,0,0,0,0,EMPTY
2026-09-02 08:00:00,8,Wednesday,0,0,26.89,66.61,1642.4,503.0,1,77.6,222.6,19.77,4401.6,HIGH_USAGE,0,37,3,0,0,OCCUPIED
2026-09-02 08:15:00,8,Wednesday,0,0,26.36,,1312.2,405.2,1,74.1,219.2,19.13,4192.9,HIGH_USAGE,1,34,3,0,0,OCCUPIED
2026-09-02 08:30:00,8,Wednesday,0,0,26.45,55.08,1376.2,540.1,1,74.6,219.9,20.88,4591.2,HIGH_USAGE,1,37,3,0,0,OCCUPIED
2026-09-02 08:45:00,8,Wednesday,0,0,23.14,44.24,424.5,168.2,0,34.4,220.8,0.23,51.2,STANDBY,1,0,0,0,0,EMPTY
2026-09-02 09:00:00,9,Wednesday,0,1,27.68,59.84,1453.9,431.5,1,66.9,219.3,16.49,3615.7,HIGH_USAGE,0,26,5,0,0,OCCUPIED
2026-09-02 09:15:00,9,Wednesday,0,1,24.15,58.14,1099.6,449.6,1,56.2,217.9,5.94,1293.5,NORMAL_USAGE,1,15,2,0,0,OCCUPIED
2026-09-02 09:30:00,9,Wednesday,0,1,24.99,49.15,412.0,135.1,0,33.6,220.9,0.19,42.6,STANDBY,1,0,0,0,0,EMPTY
2026-09-02 09:45:00,9,Wednesday,0,1,22.27,49.35,394.1,99.4,0,31.6,190.0,0.36,67.6,STANDBY,0,0,0,0,1,EMPTY
2026-09-02 10:00:00,10,Wednesday,0,0,19.95,48.88,432.6,82.7,1,27.4,220.2,0.21,45.7,STANDBY,0,0,0,0,0,EMPTY
2026-09-02 10:15:00,10,Wednesday,0,1,27.04,62.02,1542.5,423.3,1,72.2,220.9,20.38,4502.3,HIGH_USAGE,0,34,5,0,0,OCCUPIED
2026-09-02 10:30:00,10,Wednesday,0,1,26.63,60.48,1172.5,493.6,1,66.6,216.0,15.06,3252.2,HIGH_USAGE,1,19,3,0,0,OCCUPIED
2026-09-02 10:45:00,10,Wednesday,0,1,27.15,57.75,1403.0,498.6,1,72.3,221.4,15.99,3540.7,HIGH_USAGE,1,24,5,0,0,OCCUPIED
2026-09-02 11:00:00,11,Wednesday,0,1,27.71,53.18,1145.9,506.9,1,71.7,222.7,15.29,3405.4,HIGH_USAGE,1,22,5,0,0,OCCUPIED
2026-09-02 11:15:00,11,Wednesday,0,1,21.24,48.01,431.3,176.7,0,38.7,220.4,0.14,32.0,STANDBY,1,0,0,0,0,EMPTY
2026-09-02 11:30:00,11,Wednesday,0,1,26.85,58.53,1321.1,429.8,1,71.8,217.5,16.87,3670.8,HIGH_USAGE,0,25,3,0,0,OCCUPIED
2026-09-02 11:45:00,11,Wednesday,0,1,28.41,55.34,1282.2,462.5,1,63.3,221.3,17.93,3966.9,HIGH_USAGE,1,27,5,0,0,OCCUPIED
2026-09-02 12:00:00,12,Wednesday,0,1,26.67,60.47,1474.4,478.9,1,79.0,219.3,19.85,4352.1,HIGH_USAGE,1,35,3,0,0,OCCUPIED
2026-09-02 12:15:00,12,Wednesday,0,1,27.62,54.89,1529.2,475.0,1,74.8,221.1,19.38,4285.4,HIGH_USAGE,1,37,5,0,0,OCCUPIED
2026-09-02 12:30:00,12,Wednesday,0,1,27.18,59.6,1251.2,452.6,1,60.5,222.4,14.15,3148.1,HIGH_USAGE,1,21,5,0,0,OCCUPIED
2026-09-02 12:45:00,12,Wednesday,0,1,28.94,66.27,1437.7,437.9,1,83.5,218.7,20.6,4504.5,HIGH_USAGE,1,36,5,0,0,OCCUPIED
2026-09-02 13:00:00,13,Wednesday,0,1,21.8,47.41,402.2,93.4,0,28.7,222.6,0.2,45.3,STANDBY,1,0,0,0,0,EMPTY
2026-09-02 13:15:00,13,Wednesday,0,1,29.3,59.64,1568.1,529.1,1,73.3,220.2,18.43,4058.4,HIGH_USAGE,0,37,5,0,0,OCCUPIED
2026-09-02 13:30:00,13,Wednesday,0,1,26.83,60.39,1313.5,423.5,1,75.0,222.2,18.21,4045.8,HIGH_USAGE,1,27,3,0,0,OCCUPIED
2026-09-02 13:45:00,13,Wednesday,0,1,26.74,60.12,1422.4,453.9,1,74.2,217.8,19.21,4183.9,HIGH_USAGE,1,31,3,0,0,OCCUPIED
2026-09-02 14:00:00,14,Wednesday,0,0,26.95,56.14,1271.0,527.6,1,63.2,222.2,14.98,3328.4,HIGH_USAGE,1,20,3,0,0,OCCUPIED
2026-09-02 14:15:00,14,Wednesday,0,1,27.15,56.38,1270.6,450.5,1,54.9,217.8,15.54,3383.0,HIGH_USAGE,1,21,5,0,0,OCCUPIED
2026-09-02 14:30:00,14,Wednesday,0,1,26.28,61.46,1481.6,471.5,1,62.6,219.8,21.14,4648.3,HIGH_USAGE,1,36,3,0,0,OCCUPIED
2026-09-02 14:45:00,14,Wednesday,0,1,27.19,58.83,1276.7,381.0,1,62.3,218.0,16.19,3529.2,HIGH_USAGE,1,24,5,0,0,OCCUPIED
2026-09-02 15:00:00,15,Wednesday,0,1,26.92,54.32,1410.9,485.8,1,63.3,218.2,17.62,3845.6,HIGH_USAGE,1,30,3,0,0,OCCUPIED
2026-09-02 15:15:00,15,Wednesday,0,1,27.01,58.55,950.9,551.5,1,67.1,219.4,12.55,2754.5,HIGH_USAGE,1,12,5,0,0,OCCUPIED
2026-09-02 15:30:00,15,Wednesday,0,1,26.69,62.19,1059.5,420.3,1,63.2,221.0,14.29,3158.7,HIGH_USAGE,1,16,3,0,0,OCCUPIED
2026-09-02 15:45:00,15,Wednesday,0,1,21.59,47.97,385.3,197.6,0,35.2,221.4,0.19,41.9,STANDBY,1,0,0,0,0,EMPTY
2026-09-02 16:00:00,16,Wednesday,0,1,26.15,56.22,1101.2,456.5,1,66.3,213.9,15.09,3227.3,HIGH_USAGE,0,17,3,0,0,OCCUPIED
2026-09-02 16:15:00,16,Wednesday,0,1,26.96,59.51,1264.7,528.9,1,68.7,220.5,18.01,3969.5,HIGH_USAGE,1,28,3,0,0,OCCUPIED
2026-09-02 16:30:00,16,Wednesday,0,0,26.49,63.98,1424.6,509.8,1,72.0,218.0,19.8,4317.0,HIGH_USAGE,1,32,3,0,0,OCCUPIED
2026-09-02 16:45:00,16,Wednesday,0,1,27.95,56.72,1085.4,450.0,1,64.9,223.1,14.84,3309.6,HIGH_USAGE,1,19,5,0,0,OCCUPIED
2026-09-02 17:00:00,17,Wednesday,0,0,27.93,59.7,1421.0,554.5,1,65.7,220.6,17.37,3831.3,HIGH_USAGE,1,32,5,0,0,OCCUPIED
2026-09-02 17:15:00,17,Wednesday,0,0,22.06,48.95,392.1,114.2,0,29.3,190.0,0.34,63.7,STANDBY,1,0,0,0,1,EMPTY
2026-09-02 17:30:00,17,Wednesday,0,1,27.11,53.47,1116.9,469.4,1,66.0,218.0,14.53,3166.9,HIGH_USAGE,0,20,5,0,0,OCCUPIED
2026-09-02 17:45:00,17,Wednesday,0,1,26.18,51.73,1127.3,479.8,1,67.3,215.3,13.64,2935.9,HIGH_USAGE,1,13,3,0,0,OCCUPIED
2026-09-02 18:00:00,18,Wednesday,0,0,23.58,46.13,428.2,136.7,0,32.2,217.9,0.2,43.3,STANDBY,1,0,0,0,0,EMPTY
2026-09-02 18:15:00,18,Wednesday,0,0,21.88,44.67,456.2,129.7,0,34.2,216.4,0.26,56.6,STANDBY,0,0,0,0,0,EMPTY
2026-09-02 18:30:00,18,Wednesday,0,0,19.99,49.77,399.6,131.9,0,28.7,215.6,0.16,33.7,STANDBY,0,0,0,0,0,EMPTY
2026-09-02 18:45:00,18,Wednesday,0,0,22.72,45.49,405.7,197.5,0,35.5,224.7,0.19,42.6,STANDBY,0,0,0,0,0,EMPTY
2026-09-02 19:00:00,19,Wednesday,0,0,23.49,47.98,404.4,21.6,0,37.7,218.9,0.2,43.6,STANDBY,0,0,0,0,0,EMPTY
2026-09-02 19:15:00,19,Wednesday,0,0,25.53,50.72,1105.5,377.5,1,58.3,217.4,7.69,1673.2,NORMAL_USAGE,0,15,3,0,0,OCCUPIED
2026-09-02 19:30:00,19,Wednesday,0,0,21.35,46.88,414.3,20.4,0,37.6,220.9,0.16,35.0,STANDBY,1,0,0,0,0,EMPTY
2026-09-02 19:45:00,19,Wednesday,0,0,22.89,47.56,375.8,12.7,0,32.4,221.3,0.15,32.2,STANDBY,0,0,0,0,0,EMPTY
2026-09-02 20:00:00,20,Wednesday,0,0,24.63,52.98,419.3,12.7,0,30.4,217.3,0.22,47.8,STANDBY,0,0,0,0,0,EMPTY
2026-09-02 20:15:00,20,Wednesday,0,0,21.45,45.52,414.9,13.9,0,31.7,223.7,0.21,47.9,STANDBY,0,0,0,0,0,EMPTY
2026-09-02 20:30:00,20,Wednesday,0,0,23.56,50.21,359.4,13.6,0,31.2,220.2,0.21,47.0,STANDBY,0,0,0,0,0,EMPTY
2026-09-02 20:45:00,20,Wednesday,0,0,23.45,44.24,406.8,16.5,0,27.3,216.0,0.16,34.1,STANDBY,0,0,0,0,0,EMPTY
2026-09-02 21:00:00,21,Wednesday,0,0,21.53,48.6,401.6,20.7,0,35.5,220.4,0.19,42.6,STANDBY,0,0,0,0,0,EMPTY
2026-09-02 21:15:00,21,Wednesday,0,0,23.02,,350.0,3.2,0,28.8,220.1,0.17,36.9,STANDBY,0,0,0,0,0,EMPTY
2026-09-02 21:30:00,21,Wednesday,0,0,21.54,46.55,403.9,10.2,0,29.8,220.2,0.15,33.4,STANDBY,0,0,0,0,0,EMPTY
2026-09-02 21:45:00,21,Wednesday,0,0,23.56,47.77,380.9,14.1,0,31.1,218.9,0.32,70.5,STANDBY,0,0,0,0,0,EMPTY
2026-09-02 22:00:00,22,Wednesday,0,0,20.77,50.76,422.8,11.7,1,35.4,221.3,0.25,54.5,STANDBY,0,0,0,0,0,EMPTY
2026-09-02 22:15:00,22,Wednesday,0,0,21.73,51.09,398.8,13.3,0,33.5,217.6,0.19,41.8,STANDBY,0,0,0,0,0,EMPTY
2026-09-02 22:30:00,22,Wednesday,0,0,24.19,47.76,420.6,17.3,0,33.3,223.6,3.66,818.9,WASTE_DETECTED,0,0,0,0,0,EMPTY
2026-09-02 22:45:00,22,Wednesday,0,0,23.2,48.98,484.7,16.0,0,35.6,220.4,0.19,42.2,STANDBY,0,0,0,0,0,EMPTY
2026-09-02 23:00:00,23,Wednesday,0,0,22.36,41.63,452.9,12.0,0,36.0,222.5,0.18,41.0,STANDBY,0,0,0,0,0,EMPTY
2026-09-02 23:15:00,23,Wednesday,0,0,22.03,45.23,410.8,23.1,0,31.3,222.5,0.19,42.4,STANDBY,0,0,0,0,0,EMPTY
2026-09-02 23:30:00,23,Wednesday,0,0,22.89,44.46,397.4,20.9,1,30.7,221.3,0.19,41.8,STANDBY,0,0,0,0,0,EMPTY
2026-09-02 23:45:00,23,Wednesday,0,0,21.3,45.97,468.5,17.6,0,32.4,221.6,0.21,46.4,STANDBY,0,0,0,0,0,EMPTY
2026-09-03 00:00:00,0,Thursday,0,0,24.78,47.6,436.8,10.1,0,35.3,222.8,0.21,46.1,STANDBY,0,0,0,0,0,EMPTY
2026-09-03 00:15:00,0,Thursday,0,0,27.14,56.31,1277.3,405.3,1,67.8,225.1,17.36,3907.4,HIGH_USAGE,0,25,5,0,0,OCCUPIED
2026-09-03 00:30:00,0,Thursday,0,0,22.19,42.9,383.2,17.6,0,34.8,223.8,0.22,50.2,STANDBY,1,0,0,0,0,EMPTY
2026-09-03 00:45:00,0,Thursday,0,0,23.99,48.34,388.2,12.2,0,28.4,224.7,0.14,31.5,STANDBY,0,0,0,0,0,EMPTY
2026-09-03 01:00:00,1,Thursday,0,0,22.4,46.46,463.0,15.1,0,34.6,219.7,0.16,36.0,STANDBY,0,0,0,0,0,EMPTY
2026-09-03 01:15:00,1,Thursday,0,0,23.2,51.6,435.9,10.9,0,31.8,219.5,0.22,48.1,STANDBY,0,0,0,0,0,EMPTY
2026-09-03 01:30:00,1,Thursday,0,0,26.27,56.31,1184.1,313.8,1,56.9,218.3,14.06,3068.6,HIGH_USAGE,0,19,3,0,0,OCCUPIED
2026-09-03 01:45:00,1,Thursday,0,0,21.43,45.99,389.0,14.0,0,33.4,222.7,0.2,45.1,STANDBY,1,0,0,0,0,EMPTY
2026-09-03 02:00:00,2,Thursday,0,0,22.28,45.66,429.4,14.0,0,30.3,218.0,0.19,42.4,STANDBY,0,0,0,0,0,EMPTY
2026-09-03 02:15:00,2,Thursday,0,0,20.85,42.43,403.7,19.2,0,30.8,222.3,0.2,43.5,STANDBY,0,0,0,0,0,EMPTY
2026-09-03 02:30:00,2,Thursday,0,0,21.76,45.88,423.6,16.7,0,30.4,218.2,0.13,27.8,STANDBY,0,0,0,0,0,EMPTY
2026-09-03 02:45:00,2,Thursday,0,0,23.97,51.47,415.8,20.9,0,33.5,220.5,0.14,31.1,STANDBY,0,0,0,0,0,EMPTY
2026-09-03 03:00:00,3,Thursday,0,0,21.61,42.91,421.5,11.8,0,34.3,220.2,0.18,40.6,STANDBY,0,0,0,0,0,EMPTY
2026-09-03 03:15:00,3,Thursday,0,0,23.07,50.54,,24.2,0,34.6,219.3,0.18,39.0,STANDBY,0,0,0,0,0,EMPTY
2026-09-03 03:30:00,3,Thursday,0,0,21.67,42.49,374.5,20.9,0,36.3,222.8,0.24,53.3,STANDBY,0,0,0,0,0,EMPTY
2026-09-03 03:45:00,3,Thursday,0,0,22.56,47.52,409.2,7.9,0,29.1,222.8,0.25,54.7,STANDBY,0,0,0,0,0,EMPTY
2026-09-03 04:00:00,4,Thursday,0,0,21.95,47.86,467.3,9.3,0,28.4,220.0,0.22,49.4,STANDBY,0,0,0,0,0,EMPTY
2026-09-03 04:15:00,4,Thursday,0,0,20.34,46.94,411.0,14.5,0,28.7,216.2,0.22,46.8,STANDBY,0,0,0,0,0,EMPTY
2026-09-03 04:30:00,4,Thursday,0,0,21.08,52.72,424.6,16.3,0,27.5,218.6,0.14,30.6,STANDBY,0,0,0,0,0,EMPTY
2026-09-03 04:45:00,4,Thursday,0,0,22.57,49.48,398.4,19.8,0,28.2,219.5,0.14,30.4,STANDBY,0,0,0,0,0,EMPTY
2026-09-03 05:00:00,5,Thursday,0,0,23.58,53.88,427.3,20.6,1,39.0,219.7,0.19,41.3,STANDBY,0,0,0,0,0,EMPTY
2026-09-03 05:15:00,5,Thursday,0,0,22.07,48.84,464.2,11.7,0,32.8,219.7,0.24,52.0,STANDBY,0,0,0,0,0,EMPTY
2026-09-03 05:30:00,5,Thursday,0,0,26.57,69.84,1119.6,342.7,1,61.3,217.1,16.38,3556.2,HIGH_USAGE,0,23,3,0,0,OCCUPIED
2026-09-03 05:45:00,5,Thursday,0,0,42.0,44.49,2600.0,21.4,0,31.7,190.0,0.25,48.1,STANDBY,1,0,0,0,1,EMPTY
2026-09-03 06:00:00,6,Thursday,0,0,21.18,45.45,400.1,145.3,0,28.9,225.6,0.17,38.1,STANDBY,0,0,0,0,0,EMPTY
2026-09-03 06:15:00,6,Thursday,0,0,21.46,52.34,450.4,124.9,0,33.4,219.1,3.39,742.6,WASTE_DETECTED,0,0,0,0,0,EMPTY
2026-09-03 06:30:00,6,Thursday,0,0,21.76,48.94,423.6,173.9,0,32.5,225.3,0.18,39.4,STANDBY,0,0,0,0,0,EMPTY
2026-09-03 06:45:00,6,Thursday,0,0,23.45,47.59,429.8,63.4,0,34.4,223.1,0.24,52.9,STANDBY,0,0,0,0,0,EMPTY
2026-09-03 07:00:00,7,Thursday,0,0,23.88,48.84,408.2,68.3,0,29.6,223.7,0.21,47.1,STANDBY,0,0,0,0,0,EMPTY
2026-09-03 07:15:00,7,Thursday,0,0,23.81,48.66,416.6,165.1,0,30.6,224.5,0.11,24.8,STANDBY,0,0,0,0,0,EMPTY
2026-09-03 07:30:00,7,Thursday,0,0,22.77,49.28,424.2,80.7,0,29.0,217.6,0.19,42.4,STANDBY,0,0,0,0,0,EMPTY
2026-09-03 07:45:00,7,Thursday,0,0,21.76,50.08,434.0,175.9,0,34.8,226.1,0.16,37.3,STANDBY,0,0,0,0,0,EMPTY
2026-09-03 08:00:00,8,Thursday,0,0,26.81,62.01,1167.0,384.8,1,67.7,221.8,16.49,3657.2,HIGH_USAGE,0,22,3,0,0,OCCUPIED
2026-09-03 08:15:00,8,Thursday,0,0,26.38,60.77,1501.2,462.7,0,72.2,220.5,20.07,4426.3,HIGH_USAGE,1,34,3,0,0,OCCUPIED
2026-09-03 08:30:00,8,Thursday,0,0,22.99,47.63,423.5,20.9,0,30.7,216.5,0.21,45.1,STANDBY,1,0,0,0,0,EMPTY
2026-09-03 08:45:00,8,Thursday,0,0,22.12,46.81,450.9,136.9,0,27.8,219.8,0.24,53.3,STANDBY,0,0,0,0,0,EMPTY
2026-09-03 09:00:00,9,Thursday,0,1,28.62,53.48,1058.5,500.1,1,63.9,220.7,13.63,3007.8,HIGH_USAGE,0,13,5,0,0,OCCUPIED
2026-09-03 09:15:00,9,Thursday,0,1,25.16,47.98,1066.9,452.4,0,60.0,220.0,6.93,1523.8,NORMAL_USAGE,1,13,3,0,0,OCCUPIED
2026-09-03 09:30:00,9,Thursday,0,1,25.91,56.37,1131.4,469.3,1,56.3,217.2,7.44,1616.5,NORMAL_USAGE,1,17,3,0,0,OCCUPIED
2026-09-03 09:45:00,9,Thursday,0,1,27.56,63.86,1335.9,405.9,1,70.1,220.6,21.43,4727.6,HIGH_USAGE,1,36,5,0,0,OCCUPIED
2026-09-03 10:00:00,10,Thursday,0,1,42.0,65.68,2600.0,466.9,1,65.6,190.0,8.78,1668.4,NORMAL_USAGE,1,15,3,0,1,OCCUPIED
2026-09-03 10:15:00,10,Thursday,0,1,25.94,56.21,1197.2,473.6,1,65.8,220.8,9.9,2185.1,HIGH_USAGE,1,22,3,0,0,OCCUPIED
2026-09-03 10:30:00,10,Thursday,0,1,26.36,57.38,1293.9,386.6,1,65.0,220.4,16.65,3670.2,HIGH_USAGE,1,22,3,0,0,OCCUPIED
2026-09-03 10:45:00,10,Thursday,0,0,24.93,48.02,424.6,113.3,0,27.2,214.5,0.2,42.1,STANDBY,1,0,0,0,0,EMPTY
2026-09-03 11:00:00,11,Thursday,0,0,22.95,48.14,431.2,131.6,0,36.6,216.6,0.28,61.2,STANDBY,0,0,0,0,0,EMPTY
2026-09-03 11:15:00,11,Thursday,0,1,25.41,62.79,1218.8,502.0,1,59.9,219.4,7.61,1670.2,NORMAL_USAGE,0,15,3,0,0,OCCUPIED
2026-09-03 11:30:00,11,Thursday,0,1,26.95,54.97,1348.5,484.2,1,61.9,221.8,17.28,3832.0,HIGH_USAGE,1,29,3,0,0,OCCUPIED
2026-09-03 11:45:00,11,Thursday,0,1,21.59,43.3,428.5,73.0,0,29.6,220.3,0.15,32.2,STANDBY,1,0,0,0,0,EMPTY
2026-09-03 12:00:00,12,Thursday,0,1,28.66,56.84,1270.0,489.8,1,73.3,217.8,20.0,4356.6,HIGH_USAGE,0,31,5,0,0,OCCUPIED
2026-09-03 12:15:00,12,Thursday,0,1,26.35,55.59,1487.8,452.4,1,80.1,216.4,20.86,4513.8,HIGH_USAGE,1,35,3,0,0,OCCUPIED
2026-09-03 12:30:00,12,Thursday,0,1,26.68,54.58,1396.9,422.7,1,69.9,219.8,19.05,4186.4,HIGH_USAGE,1,30,3,0,0,OCCUPIED
2026-09-03 12:45:00,12,Thursday,0,0,26.65,60.08,1578.3,474.7,1,72.3,226.1,18.57,4197.3,HIGH_USAGE,1,35,3,0,0,OCCUPIED
2026-09-03 13:00:00,13,Thursday,0,0,21.79,47.92,405.4,112.3,0,34.6,217.7,0.25,53.9,STANDBY,1,0,0,0,0,EMPTY
2026-09-03 13:15:00,13,Thursday,0,1,26.89,62.17,1442.4,491.3,1,78.8,218.5,21.26,4646.2,HIGH_USAGE,0,37,3,0,0,OCCUPIED
2026-09-03 13:30:00,13,Thursday,0,1,27.72,61.56,1399.7,516.1,1,78.7,222.0,20.5,4551.2,HIGH_USAGE,1,34,5,0,0,OCCUPIED
2026-09-03 13:45:00,13,Thursday,0,1,25.83,57.57,1052.4,451.8,1,56.8,221.6,5.86,1299.0,NORMAL_USAGE,1,12,3,0,0,OCCUPIED
2026-09-03 14:00:00,14,Thursday,0,1,26.99,50.83,1401.5,457.0,1,63.6,222.1,16.25,3610.4,HIGH_USAGE,1,28,3,0,0,OCCUPIED
2026-09-03 14:15:00,14,Thursday,0,0,26.58,54.7,1219.2,535.3,1,71.0,215.6,15.31,3300.1,HIGH_USAGE,1,19,3,0,0,OCCUPIED
2026-09-03 14:30:00,14,Thursday,0,1,27.95,57.37,1174.5,425.5,1,65.5,222.0,16.58,3680.6,HIGH_USAGE,1,27,5,0,0,OCCUPIED
2026-09-03 14:45:00,14,Thursday,0,1,25.54,55.36,1109.6,410.9,1,63.7,222.5,6.82,1518.5,NORMAL_USAGE,1,14,3,0,0,OCCUPIED
2026-09-03 15:00:00,15,Thursday,0,1,25.44,55.29,1202.0,453.5,1,61.9,221.3,6.23,1377.4,NORMAL_USAGE,1,12,3,0,0,OCCUPIED
2026-09-03 15:15:00,15,Thursday,0,1,27.4,59.35,1377.4,464.5,1,72.1,220.9,19.29,4260.9,HIGH_USAGE,1,30,5,0,0,OCCUPIED
2026-09-03 15:30:00,15,Thursday,0,1,24.95,54.47,1167.7,419.8,1,58.8,221.0,8.6,1901.3,HIGH_USAGE,1,18,2,0,0,OCCUPIED
2026-09-03 15:45:00,15,Thursday,0,0,25.2,60.9,1310.5,492.5,1,74.4,217.2,9.36,2032.8,HIGH_USAGE,1,20,3,0,0,OCCUPIED
2026-09-03 16:00:00,16,Thursday,0,1,25.12,51.74,1227.6,517.2,1,58.2,223.9,5.71,1279.3,NORMAL_USAGE,1,12,3,0,0,OCCUPIED
2026-09-03 16:15:00,16,Thursday,0,1,25.69,57.66,1259.5,472.7,1,64.5,224.2,8.82,1977.8,HIGH_USAGE,1,21,3,0,0,OCCUPIED
2026-09-03 16:30:00,16,Thursday,0,0,23.33,46.49,387.7,129.2,0,30.5,221.4,0.22,47.9,STANDBY,1,0,0,0,0,EMPTY
2026-09-03 16:45:00,16,Thursday,0,1,24.89,56.1,1190.3,523.8,1,63.2,219.3,7.41,1624.5,NORMAL_USAGE,0,16,2,0,0,OCCUPIED
2026-09-03 17:00:00,17,Thursday,0,1,27.93,60.79,1586.3,528.5,1,76.5,219.5,18.16,3985.2,HIGH_USAGE,1,35,5,0,0,OCCUPIED
2026-09-03 17:15:00,17,Thursday,0,1,28.24,54.17,1114.1,493.2,1,68.3,221.3,12.47,2759.7,HIGH_USAGE,1,12,5,0,0,OCCUPIED
2026-09-03 17:30:00,17,Thursday,0,0,27.58,54.12,1347.1,525.0,1,72.1,217.5,19.03,4139.7,HIGH_USAGE,1,33,5,0,0,OCCUPIED
2026-09-03 17:45:00,17,Thursday,0,1,27.67,63.19,1451.5,446.7,1,74.8,227.4,17.44,3965.8,HIGH_USAGE,1,32,5,0,0,OCCUPIED
2026-09-03 18:00:00,18,Thursday,0,0,23.16,,432.0,111.1,0,35.7,216.6,3.15,681.3,WASTE_DETECTED,1,0,0,0,0,EMPTY
2026-09-03 18:15:00,18,Thursday,0,0,27.55,57.17,1143.5,447.0,1,60.4,214.2,13.36,2862.0,HIGH_USAGE,0,12,5,0,0,OCCUPIED
2026-09-03 18:30:00,18,Thursday,0,0,28.79,58.67,1416.4,477.0,1,65.1,219.2,17.77,3896.7,HIGH_USAGE,1,31,5,0,0,OCCUPIED
2026-09-03 18:45:00,18,Thursday,0,0,21.62,45.9,405.2,123.9,0,31.6,223.4,0.22,48.6,STANDBY,1,0,0,0,0,EMPTY
2026-09-03 19:00:00,19,Thursday,0,0,25.74,66.73,1271.7,421.5,1,56.7,220.8,9.3,2052.0,HIGH_USAGE,0,26,3,0,0,OCCUPIED
2026-09-03 19:15:00,19,Thursday,0,0,27.26,56.88,1222.8,381.1,1,60.2,226.6,13.81,3128.3,HIGH_USAGE,1,18,5,0,0,OCCUPIED
2026-09-03 19:30:00,19,Thursday,0,0,24.61,49.12,427.0,16.9,0,28.7,219.5,0.13,28.3,STANDBY,1,0,0,0,0,EMPTY
2026-09-03 19:45:00,19,Thursday,0,0,23.98,46.63,418.4,14.8,0,29.6,222.1,0.2,45.5,STANDBY,0,0,0,0,0,EMPTY
2026-09-03 20:00:00,20,Thursday,0,0,26.39,58.62,1393.5,420.4,1,59.2,221.5,19.51,4321.9,HIGH_USAGE,0,31,3,0,0,OCCUPIED
2026-09-03 20:15:00,20,Thursday,0,0,24.61,47.15,404.6,21.4,0,31.4,219.5,0.24,52.7,STANDBY,1,0,0,0,0,EMPTY
2026-09-03 20:30:00,20,Thursday,0,0,24.32,52.19,426.7,17.1,0,38.3,223.5,0.2,45.7,STANDBY,0,0,0,0,0,EMPTY
2026-09-03 20:45:00,20,Thursday,0,0,22.68,47.65,433.2,16.8,0,29.8,222.0,0.21,46.7,STANDBY,0,0,0,0,0,EMPTY
2026-09-03 21:00:00,21,Thursday,0,0,21.04,45.04,417.7,19.7,0,32.9,218.0,0.17,36.3,STANDBY,0,0,0,0,0,EMPTY
2026-09-03 21:15:00,21,Thursday,0,0,22.77,46.56,420.8,20.8,0,27.9,222.3,0.19,41.6,STANDBY,0,0,0,0,0,EMPTY
2026-09-03 21:30:00,21,Thursday,0,0,23.83,45.55,384.4,12.0,0,28.7,216.6,0.22,48.7,STANDBY,0,0,0,0,0,EMPTY
2026-09-03 21:45:00,21,Thursday,0,0,21.36,52.3,439.0,12.7,0,34.1,219.2,0.2,44.5,STANDBY,0,0,0,0,0,EMPTY
2026-09-03 22:00:00,22,Thursday,0,0,23.9,50.01,389.1,13.5,0,33.5,220.8,3.49,770.1,WASTE_DETECTED,0,0,0,0,0,EMPTY
2026-09-03 22:15:00,22,Thursday,0,0,22.94,48.95,399.7,14.5,0,35.5,223.0,0.18,41.0,STANDBY,0,0,0,0,0,EMPTY
2026-09-03 22:30:00,22,Thursday,0,0,23.33,52.0,390.0,18.1,0,30.2,222.7,0.22,48.1,STANDBY,0,0,0,0,0,EMPTY
2026-09-03 22:45:00,22,Thursday,0,0,24.62,46.52,463.9,8.2,0,36.9,219.5,0.18,40.6,STANDBY,0,0,0,0,0,EMPTY
2026-09-03 23:00:00,23,Thursday,0,0,23.16,50.08,448.0,23.0,0,33.7,218.7,0.28,60.6,STANDBY,0,0,0,0,0,EMPTY
2026-09-03 23:15:00,23,Thursday,0,0,23.84,51.23,388.1,8.4,1,32.0,217.0,0.24,51.9,STANDBY,0,0,0,0,0,EMPTY
2026-09-03 23:30:00,23,Thursday,0,0,23.07,49.57,443.8,21.7,0,33.1,221.2,0.22,48.3,STANDBY,0,0,0,0,0,EMPTY
2026-09-03 23:45:00,23,Thursday,0,0,20.51,49.62,,15.8,0,28.7,218.0,0.23,51.1,STANDBY,0,0,0,0,0,EMPTY
2026-09-04 00:00:00,0,Friday,0,0,23.46,49.29,428.3,13.3,0,31.6,218.0,0.23,50.0,STANDBY,0,0,0,0,0,EMPTY
2026-09-04 00:15:00,0,Friday,0,0,23.93,47.64,421.9,14.1,1,32.9,220.9,0.19,41.1,STANDBY,0,0,0,0,0,EMPTY
2026-09-04 00:30:00,0,Friday,0,0,22.29,46.02,403.3,11.5,0,32.9,219.3,0.19,41.1,STANDBY,0,0,0,0,0,EMPTY
2026-09-04 00:45:00,0,Friday,0,0,21.76,51.16,408.4,9.9,1,26.9,223.4,0.17,38.9,STANDBY,0,0,0,0,0,EMPTY
2026-09-04 01:00:00,1,Friday,0,0,22.9,50.64,410.5,13.1,0,28.6,217.9,0.21,44.7,STANDBY,0,0,0,0,0,EMPTY
2026-09-04 01:15:00,1,Friday,0,0,21.1,48.05,393.4,7.9,0,32.7,215.3,0.24,51.3,STANDBY,0,0,0,0,0,EMPTY
2026-09-04 01:30:00,1,Friday,0,0,19.71,49.63,390.4,23.2,0,30.8,220.9,0.22,48.9,STANDBY,0,0,0,0,0,EMPTY
2026-09-04 01:45:00,1,Friday,0,0,24.54,47.78,407.5,0.0,0,28.4,219.3,0.15,33.2,STANDBY,0,0,0,0,0,EMPTY
2026-09-04 02:00:00,2,Friday,0,0,22.91,48.79,407.7,8.7,0,35.2,219.6,0.29,62.8,STANDBY,0,0,0,0,0,EMPTY
2026-09-04 02:15:00,2,Friday,0,0,20.95,48.87,430.1,10.5,0,29.3,221.0,0.18,39.3,STANDBY,0,0,0,0,0,EMPTY
2026-09-04 02:30:00,2,Friday,0,0,27.25,62.18,1140.0,353.7,1,64.6,225.7,14.79,3337.2,HIGH_USAGE,0,19,5,0,0,OCCUPIED
2026-09-04 02:45:00,2,Friday,0,0,20.92,46.18,423.3,16.9,0,30.3,220.4,0.14,31.7,STANDBY,1,0,0,0,0,EMPTY
2026-09-04 03:00:00,3,Friday,0,0,23.7,52.12,438.6,18.0,0,33.7,220.4,0.22,47.9,STANDBY,0,0,0,0,0,EMPTY
2026-09-04 03:15:00,3,Friday,0,0,22.66,46.78,438.8,18.5,0,35.4,220.8,0.16,36.0,STANDBY,0,0,0,0,0,EMPTY
2026-09-04 03:30:00,3,Friday,0,0,23.41,46.06,436.2,9.4,0,29.3,220.2,0.21,46.0,STANDBY,0,0,0,0,0,EMPTY
2026-09-04 03:45:00,3,Friday,0,0,22.62,46.07,431.6,9.2,0,28.2,216.4,0.23,49.8,STANDBY,0,0,0,0,0,EMPTY
2026-09-04 04:00:00,4,Friday,0,0,21.94,42.98,413.8,11.7,0,28.8,224.3,0.24,54.7,STANDBY,0,0,0,0,0,EMPTY
2026-09-04 04:15:00,4,Friday,0,0,19.87,48.28,461.5,13.7,0,36.1,214.8,0.23,50.2,STANDBY,0,0,0,0,0,EMPTY
2026-09-04 04:30:00,4,Friday,0,0,21.98,50.55,402.4,12.7,0,33.7,220.6,0.2,45.2,STANDBY,0,0,0,0,0,EMPTY
2026-09-04 04:45:00,4,Friday,0,0,23.46,45.04,409.2,10.6,0,30.6,216.7,0.16,34.9,STANDBY,0,0,0,0,0,EMPTY
2026-09-04 05:00:00,5,Friday,0,0,24.27,46.82,415.1,17.9,0,34.6,222.4,0.19,41.9,STANDBY,0,0,0,0,0,EMPTY
2026-09-04 05:15:00,5,Friday,0,0,22.68,48.23,396.3,20.1,0,31.6,217.4,0.22,47.3,STANDBY,0,0,0,0,0,EMPTY
2026-09-04 05:30:00,5,Friday,0,0,21.73,51.46,430.4,24.1,1,31.9,219.7,0.19,41.7,STANDBY,0,0,0,0,0,EMPTY
2026-09-04 05:45:00,5,Friday,0,0,24.17,41.85,425.5,19.1,0,37.7,218.2,0.18,39.3,STANDBY,0,0,0,0,0,EMPTY
2026-09-04 06:00:00,6,Friday,0,0,22.82,50.66,424.8,173.0,0,31.3,219.2,0.22,48.5,STANDBY,0,0,0,0,0,EMPTY
2026-09-04 06:15:00,6,Friday,0,0,21.66,50.27,381.9,120.8,0,30.6,190.0,0.33,61.9,STANDBY,0,0,0,0,1,EMPTY
2026-09-04 06:30:00,6,Friday,0,0,19.9,47.01,430.8,160.4,0,33.3,219.8,0.19,40.9,STANDBY,0,0,0,0,0,EMPTY
2026-09-04 06:45:00,6,Friday,0,0,20.94,49.45,406.1,136.2,0,29.4,219.0,0.14,30.0,STANDBY,0,0,0,0,0,EMPTY
2026-09-04 07:00:00,7,Friday,0,0,22.47,46.46,468.9,79.8,0,33.0,224.3,0.19,42.5,STANDBY,0,0,0,0,0,EMPTY
2026-09-04 07:15:00,7,Friday,0,0,21.41,48.54,426.7,137.1,0,33.5,214.9,0.24,50.7,STANDBY,0,0,0,0,0,EMPTY
2026-09-04 07:30:00,7,Friday,0,0,21.94,47.13,454.5,82.6,0,27.3,219.6,0.14,30.7,STANDBY,0,0,0,0,0,EMPTY
2026-09-04 07:45:00,7,Friday,0,0,22.15,48.46,390.0,155.6,0,30.0,220.0,0.27,59.0,STANDBY,0,0,0,0,0,EMPTY
2026-09-04 08:00:00,8,Friday,0,0,24.26,46.32,455.7,189.6,0,36.1,219.3,0.22,47.8,STANDBY,0,0,0,0,0,EMPTY
2026-09-04 08:15:00,8,Friday,0,0,26.08,57.56,1126.2,523.2,1,66.2,216.0,14.61,3154.6,HIGH_USAGE,0,17,3,0,0,OCCUPIED
2026-09-04 08:30:00,8,Friday,0,0,25.49,62.03,1187.5,501.7,1,64.3,218.2,8.75,1908.8,HIGH_USAGE,1,17,3,0,0,OCCUPIED
2026-09-04 08:45:00,8,Friday,0,0,24.84,50.91,1088.6,435.0,1,67.9,213.2,6.79,1448.4,NORMAL_USAGE,1,14,2,0,0,OCCUPIED
2026-09-04 09:00:00,9,Friday,0,1,27.06,57.6,1498.9,501.9,1,73.9,221.2,18.42,4074.8,HIGH_USAGE,1,35,5,0,0,OCCUPIED
2026-09-04 09:15:00,9,Friday,0,1,27.12,61.47,1432.1,486.9,1,69.4,222.6,20.17,4489.6,HIGH_USAGE,1,33,5,0,0,OCCUPIED
2026-09-04 09:30:00,9,Friday,0,1,25.23,60.52,1145.6,450.3,1,55.3,223.0,7.23,1611.7,NORMAL_USAGE,1,15,3,0,0,OCCUPIED
2026-09-04 09:45:00,9,Friday,0,1,28.11,56.99,1371.9,411.1,1,70.7,221.3,20.02,4430.4,HIGH_USAGE,1,35,5,0,0,OCCUPIED
2026-09-04 10:00:00,10,Friday,0,1,26.44,61.25,1431.5,441.6,1,77.0,219.0,18.1,3964.6,HIGH_USAGE,1,31,3,0,0,OCCUPIED
2026-09-04 10:15:00,10,Friday,0,0,21.13,49.57,433.1,108.6,0,32.5,218.1,0.17,37.0,STANDBY,1,0,0,0,0,EMPTY
2026-09-04 10:30:00,10,Friday,0,1,42.0,59.09,2600.0,426.6,1,67.6,190.0,20.93,3976.1,HIGH_USAGE,0,36,5,0,1,OCCUPIED
2026-09-04 10:45:00,10,Friday,0,1,27.3,58.03,1203.7,448.8,1,67.0,215.4,14.15,3047.6,HIGH_USAGE,1,15,5,0,0,OCCUPIED
2026-09-04 11:00:00,11,Friday,0,1,26.22,60.69,1174.7,557.2,0,64.1,211.9,16.57,3512.0,HIGH_USAGE,1,25,3,0,0,OCCUPIED
2026-09-04 11:15:00,11,Friday,0,1,27.58,53.58,1207.8,526.7,1,69.7,215.9,15.39,3322.8,HIGH_USAGE,1,18,5,0,0,OCCUPIED
2026-09-04 11:30:00,11,Friday,0,1,27.25,,1330.8,,1,63.8,214.7,16.75,3595.7,HIGH_USAGE,1,21,5,0,0,OCCUPIED
2026-09-04 11:45:00,11,Friday,0,1,28.03,57.67,1239.1,507.8,1,68.2,218.9,15.14,3313.8,HIGH_USAGE,1,20,5,0,0,OCCUPIED
2026-09-04 12:00:00,12,Friday,0,1,27.05,60.34,1350.0,428.1,1,76.7,221.9,17.56,3897.4,HIGH_USAGE,1,31,5,0,0,OCCUPIED
2026-09-04 12:15:00,12,Friday,0,1,28.05,65.19,1262.7,493.7,1,72.4,218.0,15.77,3437.9,HIGH_USAGE,1,25,5,0,0,OCCUPIED
2026-09-04 12:30:00,12,Friday,0,1,18.67,,417.9,109.0,0,30.9,217.3,0.17,36.9,STANDBY,1,0,0,0,0,EMPTY
2026-09-04 12:45:00,12,Friday,0,0,24.37,44.74,425.7,104.7,0,36.0,218.0,0.12,25.7,STANDBY,0,0,0,0,0,EMPTY
2026-09-04 13:00:00,13,Friday,0,0,25.12,62.97,1011.5,422.2,1,62.7,219.0,7.25,1588.1,NORMAL_USAGE,0,14,3,0,0,OCCUPIED
2026-09-04 13:15:00,13,Friday,0,0,22.5,51.25,440.5,146.1,0,35.1,218.9,0.26,56.5,STANDBY,1,0,0,0,0,EMPTY
2026-09-04 13:30:00,13,Friday,0,1,29.68,56.06,1482.9,417.7,1,61.3,223.0,17.2,3835.1,HIGH_USAGE,0,30,5,0,0,OCCUPIED
2026-09-04 13:45:00,13,Friday,0,1,27.2,58.04,1497.6,416.3,1,77.1,224.0,18.14,4062.5,HIGH_USAGE,1,34,5,0,0,OCCUPIED
2026-09-04 14:00:00,14,Friday,0,1,28.05,59.72,1157.7,450.3,1,66.9,219.6,12.95,2844.4,HIGH_USAGE,1,15,5,0,0,OCCUPIED
2026-09-04 14:15:00,14,Friday,0,1,26.17,54.87,1481.3,517.4,1,72.2,222.7,18.21,4053.7,HIGH_USAGE,1,33,3,0,0,OCCUPIED
2026-09-04 14:30:00,14,Friday,0,1,21.63,48.92,420.0,118.9,0,30.4,223.7,0.26,57.1,STANDBY,1,0,0,0,0,EMPTY
2026-09-04 14:45:00,14,Friday,0,1,27.22,56.22,1507.8,518.0,1,74.4,219.3,19.62,4302.1,HIGH_USAGE,0,36,5,0,0,OCCUPIED
2026-09-04 15:00:00,15,Friday,0,1,26.34,57.15,1188.3,439.4,1,62.0,220.8,15.42,3404.8,HIGH_USAGE,1,22,3,0,0,OCCUPIED
2026-09-04 15:15:00,15,Friday,0,0,24.15,43.37,424.2,50.3,0,35.2,218.4,0.22,47.1,STANDBY,1,0,0,0,0,EMPTY
2026-09-04 15:30:00,15,Friday,0,1,26.15,58.78,1134.7,358.7,1,59.0,221.2,13.92,3077.8,HIGH_USAGE,0,15,3,0,0,OCCUPIED
2026-09-04 15:45:00,15,Friday,0,1,28.39,54.79,1143.8,438.0,1,61.8,216.8,14.87,3222.8,HIGH_USAGE,1,18,5,0,0,OCCUPIED
2026-09-04 16:00:00,16,Friday,0,1,23.95,51.42,428.1,,0,30.4,222.8,0.22,48.6,STANDBY,1,0,0,0,0,EMPTY
2026-09-04 16:15:00,16,Friday,0,1,26.84,57.88,1247.7,480.0,1,67.3,214.6,17.17,3683.5,HIGH_USAGE,0,27,3,0,0,OCCUPIED
2026-09-04 16:30:00,16,Friday,0,1,23.48,43.01,398.5,169.7,0,34.2,218.4,0.18,38.4,STANDBY,1,0,0,0,0,EMPTY
2026-09-04 16:45:00,16,Friday,0,0,21.72,45.61,420.2,141.3,0,32.6,215.1,0.23,49.2,STANDBY,0,0,0,0,0,EMPTY
2026-09-04 17:00:00,17,Friday,0,1,26.82,59.38,1347.1,417.6,1,66.4,220.3,16.7,3679.8,HIGH_USAGE,0,28,3,0,0,OCCUPIED
2026-09-04 17:15:00,17,Friday,0,1,28.73,55.83,1317.4,445.9,1,75.3,220.1,19.08,4200.9,HIGH_USAGE,1,29,5,0,0,OCCUPIED
2026-09-04 17:30:00,17,Friday,0,1,27.74,53.69,1328.6,565.8,1,70.1,219.1,17.44,3822.3,HIGH_USAGE,1,24,5,0,0,OCCUPIED
2026-09-04 17:45:00,17,Friday,0,1,27.78,64.86,1412.6,435.8,1,82.3,218.1,19.66,4287.4,HIGH_USAGE,1,32,5,0,0,OCCUPIED
2026-09-04 18:00:00,18,Friday,0,0,23.44,53.91,427.7,104.2,1,32.1,220.3,0.18,39.7,STANDBY,1,0,0,0,0,EMPTY
2026-09-04 18:15:00,18,Friday,0,0,24.07,56.78,1194.3,505.7,1,74.4,226.4,8.5,1924.0,HIGH_USAGE,0,24,2,0,0,OCCUPIED
2026-09-04 18:30:00,18,Friday,0,0,21.75,43.14,450.1,135.2,0,27.9,220.8,0.25,56.0,STANDBY,1,0,0,0,0,EMPTY
2026-09-04 18:45:00,18,Friday,0,0,24.67,43.58,404.7,55.3,0,30.8,222.5,0.21,46.0,STANDBY,0,0,0,0,0,EMPTY
2026-09-04 19:00:00,19,Friday,0,0,22.43,50.56,397.7,25.6,0,29.3,220.1,0.24,52.7,STANDBY,0,0,0,0,0,EMPTY
2026-09-04 19:15:00,19,Friday,0,0,24.0,49.18,424.6,22.8,0,34.8,218.6,0.19,41.5,STANDBY,0,0,0,0,0,EMPTY
2026-09-04 19:30:00,19,Friday,0,0,20.3,43.33,433.1,24.3,0,29.6,216.8,0.21,45.6,STANDBY,0,0,0,0,0,EMPTY
2026-09-04 19:45:00,19,Friday,0,0,22.37,51.0,449.6,24.5,0,36.0,221.6,0.23,51.0,STANDBY,0,0,0,0,0,EMPTY
2026-09-04 20:00:00,20,Friday,0,0,23.04,,413.1,13.2,0,30.9,220.0,0.28,61.4,STANDBY,0,0,0,0,0,EMPTY
2026-09-04 20:15:00,20,Friday,0,0,23.17,48.56,377.7,20.0,0,29.6,219.8,0.18,39.4,STANDBY,0,0,0,0,0,EMPTY
2026-09-04 20:30:00,20,Friday,0,0,24.45,48.07,433.3,7.7,0,33.3,217.6,0.28,60.2,STANDBY,0,0,0,0,0,EMPTY
2026-09-04 20:45:00,20,Friday,0,0,22.63,48.23,,21.7,0,29.5,216.2,0.18,39.5,STANDBY,0,0,0,0,0,EMPTY
2026-09-04 21:00:00,21,Friday,0,0,21.96,50.97,412.7,12.1,0,28.5,218.9,0.23,51.3,STANDBY,0,0,0,0,0,EMPTY
2026-09-04 21:15:00,21,Friday,0,0,21.14,51.69,423.5,26.1,0,33.0,222.5,0.2,45.1,STANDBY,0,0,0,0,0,EMPTY
2026-09-04 21:30:00,21,Friday,0,0,22.91,51.61,416.8,18.9,0,30.2,220.8,0.2,43.9,STANDBY,0,0,0,0,0,EMPTY
2026-09-04 21:45:00,21,Friday,0,0,23.16,,448.8,14.0,0,34.5,220.8,0.27,59.5,STANDBY,0,0,0,0,0,EMPTY
2026-09-04 22:00:00,22,Friday,0,0,24.67,45.42,422.3,26.5,0,31.0,222.1,0.22,49.3,STANDBY,0,0,0,0,0,EMPTY
2026-09-04 22:15:00,22,Friday,0,0,22.93,49.82,455.2,13.9,0,29.1,220.2,0.17,37.6,STANDBY,0,0,0,0,0,EMPTY
2026-09-04 22:30:00,22,Friday,0,0,21.62,44.93,444.9,13.5,0,32.6,220.1,0.22,48.4,STANDBY,0,0,0,0,0,EMPTY
2026-09-04 22:45:00,22,Friday,0,0,22.52,51.14,443.6,9.3,0,23.8,220.5,3.41,751.5,WASTE_DETECTED,0,0,0,0,0,EMPTY
2026-09-04 23:00:00,23,Friday,0,0,22.04,49.53,455.0,12.6,0,30.3,214.2,0.17,35.4,STANDBY,0,0,0,0,0,EMPTY
2026-09-04 23:15:00,23,Friday,0,0,22.5,48.06,378.2,13.9,0,34.7,216.5,0.23,50.0,STANDBY,0,0,0,0,0,EMPTY
2026-09-04 23:30:00,23,Friday,0,0,23.32,48.45,432.0,13.6,0,30.8,219.5,3.14,690.3,WASTE_DETECTED,0,0,0,0,0,EMPTY
2026-09-04 23:45:00,23,Friday,0,0,22.37,46.64,440.2,12.1,0,36.4,222.8,0.24,53.7,STANDBY,0,0,0,0,0,EMPTY
2026-09-05 00:00:00,0,Saturday,1,0,24.31,,414.7,16.5,0,32.1,222.1,3.16,701.2,WASTE_DETECTED,0,0,0,0,0,EMPTY
2026-09-05 00:15:00,0,Saturday,1,0,26.63,62.65,1279.3,339.8,1,71.7,218.5,18.21,3977.4,HIGH_USAGE,0,31,3,0,0,OCCUPIED
2026-09-05 00:30:00,0,Saturday,1,0,23.45,51.68,435.3,15.7,1,28.3,217.0,0.25,54.0,STANDBY,1,0,0,0,0,EMPTY
2026-09-05 00:45:00,0,Saturday,1,0,24.55,47.49,390.1,14.1,0,29.1,219.1,0.17,36.2,STANDBY,0,0,0,0,0,EMPTY
2026-09-05 01:00:00,1,Saturday,1,0,25.49,46.98,422.2,22.9,1,32.0,221.5,0.17,37.5,STANDBY,0,0,0,0,0,EMPTY
2026-09-05 01:15:00,1,Saturday,1,0,22.21,45.17,396.3,11.8,0,37.2,218.3,0.23,50.3,STANDBY,0,0,0,0,0,EMPTY
2026-09-05 01:30:00,1,Saturday,1,0,24.92,55.4,1036.2,388.1,0,58.7,218.6,7.07,1544.7,NORMAL_USAGE,0,12,2,0,0,OCCUPIED
2026-09-05 01:45:00,1,Saturday,1,0,22.26,46.42,432.0,20.2,0,35.5,223.1,0.15,33.6,STANDBY,1,0,0,0,0,EMPTY
2026-09-05 02:00:00,2,Saturday,1,0,21.65,50.94,404.6,8.1,0,33.1,223.5,0.17,37.1,STANDBY,0,0,0,0,0,EMPTY
2026-09-05 02:15:00,2,Saturday,1,0,24.06,44.68,432.3,13.2,0,30.4,218.2,0.2,43.8,STANDBY,0,0,0,0,0,EMPTY
2026-09-05 02:30:00,2,Saturday,1,0,22.24,46.88,419.8,11.4,0,31.4,218.0,3.62,789.8,WASTE_DETECTED,0,0,0,0,0,EMPTY
2026-09-05 02:45:00,2,Saturday,1,0,21.18,43.57,423.9,11.3,0,27.8,222.4,3.69,821.5,WASTE_DETECTED,0,0,0,0,0,EMPTY
2026-09-05 03:00:00,3,Saturday,1,0,22.26,48.91,381.7,15.9,0,32.7,219.7,0.22,47.4,STANDBY,0,0,0,0,0,EMPTY
2026-09-05 03:15:00,3,Saturday,1,0,23.33,49.75,441.2,11.0,0,32.4,223.5,0.13,29.7,STANDBY,0,0,0,0,0,EMPTY
2026-09-05 03:30:00,3,Saturday,1,0,22.34,53.01,406.1,10.3,0,34.1,223.2,0.17,39.1,STANDBY,0,0,0,0,0,EMPTY
2026-09-05 03:45:00,3,Saturday,1,0,23.71,45.47,425.5,7.5,0,27.8,219.8,3.39,744.5,WASTE_DETECTED,0,0,0,0,0,EMPTY
2026-09-05 04:00:00,4,Saturday,1,0,22.77,46.96,466.4,6.9,0,33.6,217.0,0.24,51.0,STANDBY,0,0,0,0,0,EMPTY
2026-09-05 04:15:00,4,Saturday,1,0,23.57,50.28,458.2,15.3,0,34.0,219.1,0.22,48.1,STANDBY,0,0,0,0,0,EMPTY
2026-09-05 04:30:00,4,Saturday,1,0,19.63,46.76,405.1,19.6,0,29.7,219.6,0.21,45.8,STANDBY,0,0,0,0,0,EMPTY
2026-09-05 04:45:00,4,Saturday,1,0,25.12,49.71,399.1,12.1,0,33.5,222.8,0.18,40.1,STANDBY,0,0,0,0,0,EMPTY
2026-09-05 05:00:00,5,Saturday,1,0,23.42,46.18,421.2,16.8,0,32.6,223.1,0.29,64.9,STANDBY,0,0,0,0,0,EMPTY
2026-09-05 05:15:00,5,Saturday,1,0,22.93,48.57,422.2,17.5,0,33.0,223.4,0.25,56.6,STANDBY,0,0,0,0,0,EMPTY
2026-09-05 05:30:00,5,Saturday,1,0,20.0,49.66,426.1,12.3,0,36.9,217.9,0.2,44.0,STANDBY,0,0,0,0,0,EMPTY
2026-09-05 05:45:00,5,Saturday,1,0,20.02,48.09,438.8,4.6,0,26.1,224.1,3.26,730.8,WASTE_DETECTED,0,0,0,0,0,EMPTY
2026-09-05 06:00:00,6,Saturday,1,0,23.07,43.9,420.5,140.7,0,33.1,219.7,0.18,38.9,STANDBY,0,0,0,0,0,EMPTY
2026-09-05 06:15:00,6,Saturday,1,0,21.32,48.6,384.9,117.2,0,32.1,218.7,0.18,40.4,STANDBY,0,0,0,0,0,EMPTY
2026-09-05 06:30:00,6,Saturday,1,0,23.44,45.96,373.7,108.9,0,31.7,219.2,0.21,46.7,STANDBY,0,0,0,0,0,EMPTY
2026-09-05 06:45:00,6,Saturday,1,0,26.71,60.26,983.0,352.5,1,64.7,219.6,13.28,2915.3,HIGH_USAGE,0,15,3,0,0,OCCUPIED
2026-09-05 07:00:00,7,Saturday,1,0,22.71,47.45,389.1,104.7,0,29.4,220.1,0.17,37.4,STANDBY,1,0,0,0,0,EMPTY
2026-09-05 07:15:00,7,Saturday,1,0,23.78,47.03,422.6,110.4,0,35.4,220.3,0.2,44.3,STANDBY,0,0,0,0,0,EMPTY
2026-09-05 07:30:00,7,Saturday,1,0,,47.75,397.1,162.4,0,28.3,218.1,0.15,32.1,STANDBY,0,0,0,0,0,EMPTY
2026-09-05 07:45:00,7,Saturday,1,0,20.55,47.02,395.3,160.9,0,34.0,221.0,0.2,43.5,STANDBY,0,0,0,0,0,EMPTY
2026-09-05 08:00:00,8,Saturday,1,0,21.42,48.02,382.2,100.5,0,33.3,223.7,0.25,55.8,STANDBY,0,0,0,0,0,EMPTY
2026-09-05 08:15:00,8,Saturday,1,0,26.71,56.34,1115.3,423.5,1,64.0,221.6,13.12,2906.7,HIGH_USAGE,0,13,3,0,0,OCCUPIED
2026-09-05 08:30:00,8,Saturday,1,0,21.19,51.64,395.5,102.7,0,34.4,220.6,0.2,43.4,STANDBY,1,0,0,0,0,EMPTY
2026-09-05 08:45:00,8,Saturday,1,0,21.2,54.35,455.5,90.6,0,30.2,216.8,0.24,51.0,STANDBY,0,0,0,0,0,EMPTY
2026-09-05 09:00:00,9,Saturday,1,0,21.74,53.05,423.0,155.0,0,31.7,224.1,0.17,39.1,STANDBY,0,0,0,0,0,EMPTY
2026-09-05 09:15:00,9,Saturday,1,0,22.68,47.87,422.5,122.3,0,31.2,223.3,0.1,23.3,STANDBY,0,0,0,0,0,EMPTY
2026-09-05 09:30:00,9,Saturday,1,0,21.88,45.7,361.1,118.8,0,33.1,219.5,0.24,52.9,STANDBY,0,0,0,0,0,EMPTY
2026-09-05 09:45:00,9,Saturday,1,0,23.88,47.71,422.8,86.7,0,26.4,219.6,0.18,40.2,STANDBY,0,0,0,0,0,EMPTY
2026-09-05 10:00:00,10,Saturday,1,0,22.29,44.01,431.5,117.9,0,36.5,219.1,0.27,59.5,STANDBY,0,0,0,0,0,EMPTY
2026-09-05 10:15:00,10,Saturday,1,0,22.38,44.68,444.6,74.2,0,29.1,219.6,0.28,60.5,STANDBY,0,0,0,0,0,EMPTY
2026-09-05 10:30:00,10,Saturday,1,0,22.19,47.08,442.3,145.7,0,34.8,221.4,0.09,20.9,STANDBY,0,0,0,0,0,EMPTY
2026-09-05 10:45:00,10,Saturday,1,0,21.69,43.29,435.1,92.2,0,27.1,215.7,0.21,46.2,STANDBY,0,0,0,0,0,EMPTY
2026-09-05 11:00:00,11,Saturday,1,0,23.02,50.54,416.0,125.1,0,32.2,221.4,0.2,45.4,STANDBY,0,0,0,0,0,EMPTY
2026-09-05 11:15:00,11,Saturday,1,0,24.89,54.84,442.6,78.8,0,35.3,226.3,3.23,729.9,WASTE_DETECTED,0,0,0,0,0,EMPTY
2026-09-05 11:30:00,11,Saturday,1,0,24.82,51.86,423.8,98.7,0,31.9,217.1,0.15,32.5,STANDBY,0,0,0,0,0,EMPTY
2026-09-05 11:45:00,11,Saturday,1,0,23.79,46.36,454.2,93.4,0,33.1,212.7,0.18,39.2,STANDBY,0,0,0,0,0,EMPTY
2026-09-05 12:00:00,12,Saturday,1,0,27.47,62.08,1345.0,456.3,1,72.6,219.3,18.4,4035.3,HIGH_USAGE,0,29,5,0,0,OCCUPIED
2026-09-05 12:15:00,12,Saturday,1,0,23.46,56.69,395.7,150.8,0,32.8,219.2,0.22,49.0,STANDBY,1,0,0,0,0,EMPTY
2026-09-05 12:30:00,12,Saturday,1,0,22.21,47.18,411.1,128.5,0,30.9,224.0,0.2,45.7,STANDBY,0,0,0,0,0,EMPTY
2026-09-05 12:45:00,12,Saturday,1,0,22.4,40.82,453.7,119.9,0,30.7,224.0,3.28,735.0,WASTE_DETECTED,0,0,0,0,0,EMPTY
2026-09-05 13:00:00,13,Saturday,1,0,22.29,45.73,429.9,132.3,0,29.3,219.8,0.15,32.9,STANDBY,0,0,0,0,0,EMPTY
2026-09-05 13:15:00,13,Saturday,1,0,23.46,50.81,443.4,120.2,0,29.0,219.4,0.2,43.1,STANDBY,0,0,0,0,0,EMPTY
2026-09-05 13:30:00,13,Saturday,1,0,24.13,46.57,397.8,62.7,0,35.1,221.2,0.16,36.3,STANDBY,0,0,0,0,0,EMPTY
2026-09-05 13:45:00,13,Saturday,1,0,22.77,47.41,437.7,81.6,1,29.9,220.4,0.2,43.6,STANDBY,0,0,0,0,0,EMPTY
2026-09-05 14:00:00,14,Saturday,1,0,20.14,48.39,387.3,60.2,0,29.2,216.8,0.21,46.5,STANDBY,0,0,0,0,0,EMPTY
2026-09-05 14:15:00,14,Saturday,1,0,21.96,48.46,408.7,188.0,0,26.6,218.7,0.13,29.5,STANDBY,0,0,0,0,0,EMPTY
2026-09-05 14:30:00,14,Saturday,1,0,23.46,46.41,426.4,117.5,0,29.4,222.2,0.17,38.8,STANDBY,0,0,0,0,0,EMPTY
2026-09-05 14:45:00,14,Saturday,1,0,21.94,43.13,419.8,126.7,0,26.3,217.0,0.17,37.9,STANDBY,0,0,0,0,0,EMPTY
2026-09-05 15:00:00,15,Saturday,1,0,21.8,43.86,429.5,157.5,0,34.6,216.3,0.2,42.7,STANDBY,0,0,0,0,0,EMPTY
2026-09-05 15:15:00,15,Saturday,1,0,23.36,48.36,350.0,112.2,0,33.4,221.2,0.21,46.9,STANDBY,0,0,0,0,0,EMPTY
2026-09-05 15:30:00,15,Saturday,1,0,21.24,50.26,376.5,132.6,1,35.9,220.7,0.14,31.8,STANDBY,0,0,0,0,0,EMPTY
2026-09-05 15:45:00,15,Saturday,1,0,22.67,46.01,417.1,129.4,0,31.5,221.7,0.21,47.0,STANDBY,0,0,0,0,0,EMPTY
2026-09-05 16:00:00,16,Saturday,1,0,23.37,44.8,434.3,158.6,0,31.5,217.0,0.25,55.3,STANDBY,0,0,0,0,0,EMPTY
2026-09-05 16:15:00,16,Saturday,1,0,22.97,49.83,429.3,217.2,0,32.0,218.2,0.21,45.3,STANDBY,0,0,0,0,0,EMPTY
2026-09-05 16:30:00,16,Saturday,1,0,20.88,55.39,438.0,131.4,0,25.9,222.1,0.29,65.1,STANDBY,0,0,0,0,0,EMPTY
2026-09-05 16:45:00,16,Saturday,1,0,23.19,47.62,427.2,86.2,0,31.3,215.5,0.2,42.9,STANDBY,0,0,0,0,0,EMPTY
2026-09-05 17:00:00,17,Saturday,1,0,28.1,64.05,1338.0,480.8,0,69.3,217.1,16.89,3666.3,HIGH_USAGE,0,24,5,0,0,OCCUPIED
2026-09-05 17:15:00,17,Saturday,1,0,24.74,51.73,431.6,144.8,0,28.6,221.6,0.24,52.8,STANDBY,1,0,0,0,0,EMPTY
2026-09-05 17:30:00,17,Saturday,1,0,22.4,48.24,425.0,103.9,0,33.3,221.4,0.17,38.2,STANDBY,0,0,0,0,0,EMPTY
2026-09-05 17:45:00,17,Saturday,1,0,22.5,52.87,410.7,76.7,0,30.6,223.7,0.23,50.4,STANDBY,0,0,0,0,0,EMPTY
2026-09-05 18:00:00,18,Saturday,1,0,22.45,44.91,425.7,83.5,0,33.6,221.0,0.15,32.3,STANDBY,0,0,0,0,0,EMPTY
2026-09-05 18:15:00,18,Saturday,1,0,22.44,49.47,401.4,125.3,0,32.9,218.6,0.22,48.0,STANDBY,0,0,0,0,0,EMPTY
2026-09-05 18:30:00,18,Saturday,1,0,22.07,44.57,454.0,139.0,0,31.2,222.7,0.18,41.1,STANDBY,0,0,0,0,0,EMPTY
2026-09-05 18:45:00,18,Saturday,1,0,23.67,47.67,456.7,162.6,0,35.1,222.7,3.44,765.3,WASTE_DETECTED,0,0,0,0,0,EMPTY
2026-09-05 19:00:00,19,Saturday,1,0,25.47,58.1,1034.3,389.6,1,69.6,219.9,6.83,1502.3,NORMAL_USAGE,0,14,3,0,0,OCCUPIED
2026-09-05 19:15:00,19,Saturday,1,0,21.93,54.88,418.0,13.1,0,34.1,216.7,0.23,49.9,STANDBY,1,0,0,0,0,EMPTY
2026-09-05 19:30:00,19,Saturday,1,0,20.28,47.5,410.3,15.9,0,28.7,220.4,0.23,51.6,STANDBY,0,0,0,0,0,EMPTY
2026-09-05 19:45:00,19,Saturday,1,0,42.0,50.27,2600.0,15.5,0,31.5,190.0,0.23,43.8,STANDBY,0,0,0,0,1,EMPTY
2026-09-05 20:00:00,20,Saturday,1,0,21.72,49.86,422.8,13.0,0,27.6,224.7,0.19,43.1,STANDBY,0,0,0,0,0,EMPTY
2026-09-05 20:15:00,20,Saturday,1,0,21.41,50.63,430.1,18.5,0,32.4,215.2,0.2,43.7,STANDBY,0,0,0,0,0,EMPTY
2026-09-05 20:30:00,20,Saturday,1,0,21.2,48.0,402.1,6.5,1,35.9,219.0,0.23,50.6,STANDBY,0,0,0,0,0,EMPTY
2026-09-05 20:45:00,20,Saturday,1,0,23.54,49.01,434.8,14.0,0,34.7,220.2,0.19,42.6,STANDBY,0,0,0,0,0,EMPTY
2026-09-05 21:00:00,21,Saturday,1,0,23.57,48.86,407.9,19.7,0,28.9,220.8,0.25,54.9,STANDBY,0,0,0,0,0,EMPTY
2026-09-05 21:15:00,21,Saturday,1,0,22.64,50.5,384.6,19.2,0,32.4,221.5,0.19,42.1,STANDBY,0,0,0,0,0,EMPTY
2026-09-05 21:30:00,21,Saturday,1,0,22.66,45.85,370.5,22.5,0,29.6,220.3,0.23,49.9,STANDBY,0,0,0,0,0,EMPTY
2026-09-05 21:45:00,21,Saturday,1,0,24.78,44.81,421.7,14.2,0,31.2,223.7,0.23,51.4,STANDBY,0,0,0,0,0,EMPTY
2026-09-05 22:00:00,22,Saturday,1,0,23.39,47.93,451.6,18.9,0,31.6,219.8,0.21,47.1,STANDBY,0,0,0,0,0,EMPTY
2026-09-05 22:15:00,22,Saturday,1,0,21.73,47.03,418.9,14.6,0,34.3,216.4,0.26,55.6,STANDBY,0,0,0,0,0,EMPTY
2026-09-05 22:30:00,22,Saturday,1,0,21.45,47.43,373.8,12.8,0,31.5,220.4,0.2,45.1,STANDBY,0,0,0,0,0,EMPTY
2026-09-05 22:45:00,22,Saturday,1,0,22.64,45.6,409.8,13.6,0,32.0,190.0,0.29,54.8,STANDBY,0,0,0,0,1,EMPTY
2026-09-05 23:00:00,23,Saturday,1,0,24.03,48.38,432.8,12.7,0,29.2,218.4,0.25,55.3,STANDBY,0,0,0,0,0,EMPTY
2026-09-05 23:15:00,23,Saturday,1,0,23.65,47.88,407.9,12.0,1,36.2,220.2,0.23,49.7,STANDBY,0,0,0,0,0,EMPTY
2026-09-05 23:30:00,23,Saturday,1,0,23.92,50.17,479.7,15.6,0,31.9,225.3,0.13,28.7,STANDBY,0,0,0,0,0,EMPTY
2026-09-05 23:45:00,23,Saturday,1,0,21.07,47.85,420.5,9.8,0,36.8,218.0,0.22,48.8,STANDBY,0,0,0,0,0,EMPTY
2026-09-06 00:00:00,0,Sunday,1,0,23.09,48.0,433.0,17.1,0,32.1,221.0,0.18,40.6,STANDBY,0,0,0,0,0,EMPTY
2026-09-06 00:15:00,0,Sunday,1,0,22.22,46.78,413.6,12.3,0,35.3,218.3,0.22,47.4,STANDBY,0,0,0,0,0,EMPTY
2026-09-06 00:30:00,0,Sunday,1,0,22.96,45.02,436.8,16.2,0,34.2,217.9,0.22,49.0,STANDBY,0,0,0,0,0,EMPTY
2026-09-06 00:45:00,0,Sunday,1,0,19.72,50.35,420.5,14.9,0,33.9,220.7,0.25,54.6,STANDBY,0,0,0,0,0,EMPTY
2026-09-06 01:00:00,1,Sunday,1,0,22.13,50.19,488.9,11.7,0,32.9,219.2,0.18,39.1,STANDBY,0,0,0,0,0,EMPTY
2026-09-06 01:15:00,1,Sunday,1,0,23.08,42.15,388.4,4.7,0,31.5,216.5,0.24,50.9,STANDBY,0,0,0,0,0,EMPTY
2026-09-06 01:30:00,1,Sunday,1,0,23.28,52.28,401.5,12.9,0,29.9,220.8,0.15,33.9,STANDBY,0,0,0,0,0,EMPTY
2026-09-06 01:45:00,1,Sunday,1,0,24.08,45.38,413.8,18.1,0,32.9,217.9,0.2,42.8,STANDBY,0,0,0,0,0,EMPTY
2026-09-06 02:00:00,2,Sunday,1,0,42.0,48.25,2600.0,19.0,1,32.0,190.0,0.28,53.1,STANDBY,0,0,0,0,1,EMPTY
2026-09-06 02:15:00,2,Sunday,1,0,24.29,45.57,421.3,12.7,0,35.8,218.4,0.26,55.8,STANDBY,0,0,0,0,0,EMPTY
2026-09-06 02:30:00,2,Sunday,1,0,22.72,49.77,398.0,14.2,0,31.4,220.7,0.25,56.2,STANDBY,0,0,0,0,0,EMPTY
2026-09-06 02:45:00,2,Sunday,1,0,22.22,48.33,478.5,18.1,0,33.2,222.4,0.23,52.0,STANDBY,0,0,0,0,0,EMPTY
2026-09-06 03:00:00,3,Sunday,1,0,20.86,45.87,399.3,2.1,0,28.9,218.7,3.35,731.6,WASTE_DETECTED,0,0,0,0,0,EMPTY
2026-09-06 03:15:00,3,Sunday,1,0,23.87,46.64,484.9,12.5,0,32.5,221.1,0.16,34.3,STANDBY,0,0,0,0,0,EMPTY
2026-09-06 03:30:00,3,Sunday,1,0,26.7,61.85,1235.9,406.0,1,66.1,222.6,16.8,3738.5,HIGH_USAGE,0,23,3,0,0,OCCUPIED
2026-09-06 03:45:00,3,Sunday,1,0,23.46,48.45,393.4,6.3,0,30.0,215.7,0.17,35.6,STANDBY,1,0,0,0,0,EMPTY
2026-09-06 04:00:00,4,Sunday,1,0,18.05,53.26,405.2,15.0,0,31.4,218.9,0.2,43.6,STANDBY,0,0,0,0,0,EMPTY
2026-09-06 04:15:00,4,Sunday,1,0,23.28,50.17,392.1,10.6,0,29.0,219.2,0.16,35.4,STANDBY,0,0,0,0,0,EMPTY
2026-09-06 04:30:00,4,Sunday,1,0,21.33,44.38,423.5,13.7,0,34.9,219.8,0.17,37.7,STANDBY,0,0,0,0,0,EMPTY
2026-09-06 04:45:00,4,Sunday,1,0,22.4,,442.9,13.6,0,35.1,223.1,3.68,821.9,WASTE_DETECTED,0,0,0,0,0,EMPTY
2026-09-06 05:00:00,5,Sunday,1,0,23.79,48.98,452.6,21.9,1,33.7,217.5,0.21,46.5,STANDBY,0,0,0,0,0,EMPTY
2026-09-06 05:15:00,5,Sunday,1,0,22.59,51.19,,10.7,0,25.7,222.6,3.08,685.4,WASTE_DETECTED,0,0,0,0,0,EMPTY
2026-09-06 05:30:00,5,Sunday,1,0,22.78,44.38,415.7,13.3,0,32.1,224.4,0.2,45.0,STANDBY,0,0,0,0,0,EMPTY
2026-09-06 05:45:00,5,Sunday,1,0,20.88,46.32,426.8,13.8,0,31.6,223.4,0.17,37.6,STANDBY,0,0,0,0,0,EMPTY
2026-09-06 06:00:00,6,Sunday,1,0,23.44,49.15,448.1,69.0,0,28.3,219.4,0.18,39.3,STANDBY,0,0,0,0,0,EMPTY
2026-09-06 06:15:00,6,Sunday,1,0,22.87,51.37,401.8,170.0,0,29.0,220.4,0.21,46.6,STANDBY,0,0,0,0,0,EMPTY
2026-09-06 06:30:00,6,Sunday,1,0,23.21,47.8,457.3,111.7,0,31.1,220.2,0.22,49.2,STANDBY,0,0,0,0,0,EMPTY
2026-09-06 06:45:00,6,Sunday,1,0,23.92,45.85,433.0,120.2,0,34.7,221.1,0.16,35.3,STANDBY,0,0,0,0,0,EMPTY
2026-09-06 07:00:00,7,Sunday,1,0,42.0,52.09,2600.0,130.8,0,33.8,190.0,0.26,49.2,STANDBY,0,0,0,0,1,EMPTY
2026-09-06 07:15:00,7,Sunday,1,0,21.34,49.08,441.4,188.5,0,35.9,219.7,0.14,30.5,STANDBY,0,0,0,0,0,EMPTY
2026-09-06 07:30:00,7,Sunday,1,0,22.61,48.89,432.7,193.6,0,34.4,218.2,0.14,31.6,STANDBY,0,0,0,0,0,EMPTY
2026-09-06 07:45:00,7,Sunday,1,0,23.34,46.97,414.7,145.9,0,31.2,222.3,0.23,51.9,STANDBY,0,0,0,0,0,EMPTY
2026-09-06 08:00:00,8,Sunday,1,0,21.88,43.98,452.6,119.0,0,26.7,215.8,0.21,44.5,STANDBY,0,0,0,0,0,EMPTY
2026-09-06 08:15:00,8,Sunday,1,0,22.96,50.07,416.8,85.5,0,33.4,217.2,0.24,51.8,STANDBY,0,0,0,0,0,EMPTY
2026-09-06 08:30:00,8,Sunday,1,0,21.87,46.08,420.0,125.1,0,37.9,217.3,0.23,50.9,STANDBY,0,0,0,0,0,EMPTY
2026-09-06 08:45:00,8,Sunday,1,0,23.45,49.36,436.5,74.1,0,31.9,219.3,3.2,702.7,WASTE_DETECTED,0,0,0,0,0,EMPTY
2026-09-06 09:00:00,9,Sunday,1,0,23.39,50.18,451.3,197.5,0,27.6,223.5,0.23,51.4,STANDBY,0,0,0,0,0,EMPTY
2026-09-06 09:15:00,9,Sunday,1,0,24.01,47.91,406.3,102.1,1,31.0,218.5,0.18,38.8,STANDBY,0,0,0,0,0,EMPTY
2026-09-06 09:30:00,9,Sunday,1,0,22.17,49.65,392.9,121.0,0,27.9,219.3,0.21,45.7,STANDBY,0,0,0,0,0,EMPTY
2026-09-06 09:45:00,9,Sunday,1,0,22.92,47.17,414.5,132.8,0,33.8,224.2,0.24,52.9,STANDBY,0,0,0,0,0,EMPTY
2026-09-06 10:00:00,10,Sunday,1,0,22.78,48.76,422.2,135.7,0,32.8,218.3,0.2,43.2,STANDBY,0,0,0,0,0,EMPTY
2026-09-06 10:15:00,10,Sunday,1,0,21.63,48.0,402.9,149.3,0,28.7,220.6,3.8,837.2,WASTE_DETECTED,0,0,0,0,0,EMPTY
2026-09-06 10:30:00,10,Sunday,1,0,26.11,50.04,978.4,433.0,1,52.3,220.0,12.95,2848.6,HIGH_USAGE,0,12,3,0,0,OCCUPIED
2026-09-06 10:45:00,10,Sunday,1,0,21.12,48.77,406.2,167.9,0,29.0,223.9,0.17,37.0,STANDBY,1,0,0,0,0,EMPTY
2026-09-06 11:00:00,11,Sunday,1,0,22.77,45.64,431.5,71.2,0,26.0,220.5,0.19,42.0,STANDBY,0,0,0,0,0,EMPTY
2026-09-06 11:15:00,11,Sunday,1,0,21.43,43.43,456.0,135.2,0,31.3,220.7,0.23,50.0,STANDBY,0,0,0,0,0,EMPTY
2026-09-06 11:30:00,11,Sunday,1,0,23.98,48.32,377.3,168.6,0,31.5,217.3,0.21,45.9,STANDBY,0,0,0,0,0,EMPTY
2026-09-06 11:45:00,11,Sunday,1,0,21.49,49.93,440.3,121.1,0,29.7,219.0,0.12,26.4,STANDBY,0,0,0,0,0,EMPTY
2026-09-06 12:00:00,12,Sunday,1,0,21.93,49.59,431.1,184.2,0,24.4,219.4,0.17,36.6,STANDBY,0,0,0,0,0,EMPTY
2026-09-06 12:15:00,12,Sunday,1,0,21.54,48.5,413.3,175.4,0,34.0,219.2,0.19,42.5,STANDBY,0,0,0,0,0,EMPTY
2026-09-06 12:30:00,12,Sunday,1,0,23.29,46.8,427.7,148.6,0,33.5,216.3,0.19,41.3,STANDBY,0,0,0,0,0,EMPTY
2026-09-06 12:45:00,12,Sunday,1,0,20.13,45.75,,136.1,0,33.8,218.4,0.22,47.3,STANDBY,0,0,0,0,0,EMPTY
2026-09-06 13:00:00,13,Sunday,1,0,23.38,49.08,404.9,153.9,0,33.4,226.5,0.24,55.3,STANDBY,0,0,0,0,0,EMPTY
2026-09-06 13:15:00,13,Sunday,1,0,23.23,41.76,392.7,143.7,0,35.3,222.1,0.16,36.4,STANDBY,0,0,0,0,0,EMPTY
2026-09-06 13:30:00,13,Sunday,1,0,20.43,45.94,435.0,168.7,0,35.7,219.6,0.25,55.6,STANDBY,0,0,0,0,0,EMPTY
2026-09-06 13:45:00,13,Sunday,1,0,22.84,48.77,395.5,91.2,0,34.3,222.4,0.2,43.6,STANDBY,0,0,0,0,0,EMPTY
2026-09-06 14:00:00,14,Sunday,1,0,20.78,47.22,467.7,97.0,0,29.8,219.4,0.15,32.9,STANDBY,0,0,0,0,0,EMPTY
2026-09-06 14:15:00,14,Sunday,1,0,22.71,45.1,422.3,117.5,0,34.0,216.0,3.79,817.9,WASTE_DETECTED,0,0,0,0,0,EMPTY
2026-09-06 14:30:00,14,Sunday,1,0,22.28,44.98,450.6,85.8,0,29.9,218.0,0.19,40.9,STANDBY,0,0,0,0,0,EMPTY
2026-09-06 14:45:00,14,Sunday,1,0,21.61,47.01,412.4,131.8,1,33.3,222.5,0.24,52.3,STANDBY,0,0,0,0,0,EMPTY
2026-09-06 15:00:00,15,Sunday,1,0,21.92,49.86,416.0,0.0,1,29.3,220.9,0.23,49.9,STANDBY,0,0,0,0,0,EMPTY
2026-09-06 15:15:00,15,Sunday,1,0,21.51,43.19,424.9,107.8,0,35.8,218.4,0.13,29.3,STANDBY,0,0,0,0,0,EMPTY
2026-09-06 15:30:00,15,Sunday,1,0,22.11,40.73,414.1,74.7,0,31.1,224.0,0.18,41.1,STANDBY,0,0,0,0,0,EMPTY
2026-09-06 15:45:00,15,Sunday,1,0,22.07,46.49,456.0,114.5,0,31.7,218.7,0.27,59.8,STANDBY,0,0,0,0,0,EMPTY
2026-09-06 16:00:00,16,Sunday,1,0,22.32,48.07,437.2,89.0,0,33.6,216.2,0.26,55.8,STANDBY,0,0,0,0,0,EMPTY
2026-09-06 16:15:00,16,Sunday,1,0,25.03,60.42,1490.7,440.2,1,75.6,219.5,12.48,2738.2,HIGH_USAGE,0,32,3,0,0,OCCUPIED
2026-09-06 16:30:00,16,Sunday,1,0,22.78,53.2,397.9,122.1,0,35.4,223.5,2.97,664.8,WASTE_DETECTED,1,0,0,0,0,EMPTY
2026-09-06 16:45:00,16,Sunday,1,0,21.32,51.42,404.4,90.8,0,29.9,217.8,0.19,41.3,STANDBY,0,0,0,0,0,EMPTY
2026-09-06 17:00:00,17,Sunday,1,0,22.39,53.66,386.7,115.4,0,35.7,220.3,0.25,54.3,STANDBY,0,0,0,0,0,EMPTY
2026-09-06 17:15:00,17,Sunday,1,0,22.67,54.4,450.7,164.1,0,31.8,220.3,0.2,44.3,STANDBY,0,0,0,0,0,EMPTY
2026-09-06 17:30:00,17,Sunday,1,0,23.68,50.3,428.8,146.6,0,36.2,218.4,0.24,51.8,STANDBY,0,0,0,0,0,EMPTY
2026-09-06 17:45:00,17,Sunday,1,0,23.44,51.46,458.1,87.5,0,28.3,220.7,0.21,45.6,STANDBY,0,0,0,0,0,EMPTY
2026-09-06 18:00:00,18,Sunday,1,0,24.36,50.95,390.8,86.2,0,31.2,225.4,0.21,46.3,STANDBY,0,0,0,0,0,EMPTY
2026-09-06 18:15:00,18,Sunday,1,0,24.15,46.12,405.0,147.7,0,32.3,219.5,0.14,31.8,STANDBY,0,0,0,0,0,EMPTY
2026-09-06 18:30:00,18,Sunday,1,0,23.41,51.0,403.3,117.1,0,30.8,218.3,0.15,31.8,STANDBY,0,0,0,0,0,EMPTY
2026-09-06 18:45:00,18,Sunday,1,0,23.23,48.87,445.8,110.5,0,31.3,224.7,0.24,53.9,STANDBY,0,0,0,0,0,EMPTY
2026-09-06 19:00:00,19,Sunday,1,0,21.17,45.3,409.9,13.2,0,35.0,220.2,0.27,59.4,STANDBY,0,0,0,0,0,EMPTY
2026-09-06 19:15:00,19,Sunday,1,0,22.91,49.21,449.4,21.6,0,30.5,217.4,0.17,36.7,STANDBY,0,0,0,0,0,EMPTY
2026-09-06 19:30:00,19,Sunday,1,0,21.08,43.19,438.1,8.4,0,25.2,217.1,0.15,32.3,STANDBY,0,0,0,0,0,EMPTY
2026-09-06 19:45:00,19,Sunday,1,0,23.4,45.45,391.5,19.0,0,33.1,220.4,0.19,41.6,STANDBY,0,0,0,0,0,EMPTY
2026-09-06 20:00:00,20,Sunday,1,0,20.89,51.32,439.0,14.3,0,31.0,221.6,0.19,41.7,STANDBY,0,0,0,0,0,EMPTY
2026-09-06 20:15:00,20,Sunday,1,0,22.03,48.95,437.0,21.3,0,35.1,219.3,0.2,43.4,STANDBY,0,0,0,0,0,EMPTY
2026-09-06 20:30:00,20,Sunday,1,0,23.98,47.01,367.0,14.9,0,26.8,217.6,0.28,60.9,STANDBY,0,0,0,0,0,EMPTY
2026-09-06 20:45:00,20,Sunday,1,0,22.11,48.04,417.9,18.2,0,32.4,220.5,0.18,40.3,STANDBY,0,0,0,0,0,EMPTY
2026-09-06 21:00:00,21,Sunday,1,0,19.71,50.01,395.1,27.5,0,35.1,219.7,0.26,58.0,STANDBY,0,0,0,0,0,EMPTY
2026-09-06 21:15:00,21,Sunday,1,0,20.96,50.65,407.9,12.0,0,34.7,221.2,0.17,37.2,STANDBY,0,0,0,0,0,EMPTY
2026-09-06 21:30:00,21,Sunday,1,0,21.71,49.3,427.9,12.4,0,32.1,220.9,0.18,39.7,STANDBY,0,0,0,0,0,EMPTY
2026-09-06 21:45:00,21,Sunday,1,0,20.95,47.75,423.9,16.6,0,29.6,221.7,0.21,46.6,STANDBY,0,0,0,0,0,EMPTY
2026-09-06 22:00:00,22,Sunday,1,0,21.93,50.53,423.3,16.4,0,35.5,218.8,0.2,43.2,STANDBY,0,0,0,0,0,EMPTY
2026-09-06 22:15:00,22,Sunday,1,0,20.09,48.28,451.0,10.4,0,33.0,220.0,0.24,53.0,STANDBY,0,0,0,0,0,EMPTY
2026-09-06 22:30:00,22,Sunday,1,0,22.89,45.55,396.2,19.7,0,35.4,222.7,0.18,40.9,STANDBY,0,0,0,0,0,EMPTY
2026-09-06 22:45:00,22,Sunday,1,0,19.8,45.1,427.9,13.0,0,32.3,216.7,0.18,38.6,STANDBY,0,0,0,0,0,EMPTY
2026-09-06 23:00:00,23,Sunday,1,0,23.46,48.45,439.9,15.6,0,31.7,216.2,0.2,43.5,STANDBY,0,0,0,0,0,EMPTY
2026-09-06 23:15:00,23,Sunday,1,0,19.07,46.7,432.3,12.7,0,31.3,221.0,3.8,839.5,WASTE_DETECTED,0,0,0,0,0,EMPTY
2026-09-06 23:30:00,23,Sunday,1,0,22.55,52.6,431.1,3.5,0,33.5,218.9,3.6,787.3,WASTE_DETECTED,0,0,0,0,0,EMPTY
2026-09-06 23:45:00,23,Sunday,1,0,21.56,50.88,422.7,13.6,0,29.7,221.3,0.23,51.8,STANDBY,0,0,0,0,0,EMPTY
2026-09-07 00:00:00,0,Monday,0,0,25.71,61.75,1306.5,391.9,1,64.7,220.8,9.31,2055.4,HIGH_USAGE,0,25,3,0,0,OCCUPIED
2026-09-07 00:15:00,0,Monday,0,0,21.98,53.17,372.4,11.2,0,33.7,218.9,0.18,40.2,STANDBY,1,0,0,0,0,EMPTY
2026-09-07 00:30:00,0,Monday,0,0,22.44,47.57,423.4,15.2,0,28.4,221.8,0.19,42.0,STANDBY,0,0,0,0,0,EMPTY
2026-09-07 00:45:00,0,Monday,0,0,22.91,45.02,422.5,15.1,0,30.1,219.0,0.15,33.3,STANDBY,0,0,0,0,0,EMPTY
2026-09-07 01:00:00,1,Monday,0,0,21.02,52.17,418.9,8.2,0,32.6,218.7,0.15,31.7,STANDBY,0,0,0,0,0,EMPTY
2026-09-07 01:15:00,1,Monday,0,0,42.0,49.55,2600.0,10.1,0,30.4,190.0,0.18,33.8,STANDBY,0,0,0,0,1,EMPTY
2026-09-07 01:30:00,1,Monday,0,0,22.03,48.55,490.8,12.1,0,27.3,216.5,0.19,40.1,STANDBY,0,0,0,0,0,EMPTY
2026-09-07 01:45:00,1,Monday,0,0,22.83,50.55,365.4,8.6,1,33.1,221.5,0.2,43.9,STANDBY,0,0,0,0,0,EMPTY
2026-09-07 02:00:00,2,Monday,0,0,24.72,47.21,377.5,14.1,0,31.0,216.9,0.22,48.5,STANDBY,0,0,0,0,0,EMPTY
2026-09-07 02:15:00,2,Monday,0,0,23.33,53.74,429.5,4.1,1,32.5,219.1,0.12,26.6,STANDBY,0,0,0,0,0,EMPTY
2026-09-07 02:30:00,2,Monday,0,0,21.56,48.78,436.8,10.3,0,32.9,223.9,0.21,47.1,STANDBY,0,0,0,0,0,EMPTY
2026-09-07 02:45:00,2,Monday,0,0,23.22,46.05,465.9,13.6,0,26.9,215.8,3.31,714.2,WASTE_DETECTED,0,0,0,0,0,EMPTY
2026-09-07 03:00:00,3,Monday,0,0,22.88,50.0,427.3,18.4,0,26.7,221.7,0.27,59.2,STANDBY,0,0,0,0,0,EMPTY
2026-09-07 03:15:00,3,Monday,0,0,26.35,60.97,1451.7,313.7,1,66.1,221.0,18.38,4061.9,HIGH_USAGE,0,34,3,0,0,OCCUPIED
2026-09-07 03:30:00,3,Monday,0,0,23.14,44.75,472.4,15.9,0,29.0,217.6,0.16,35.8,STANDBY,1,0,0,0,0,EMPTY
2026-09-07 03:45:00,3,Monday,0,0,22.92,51.41,429.5,15.3,0,34.1,223.8,0.19,42.9,STANDBY,0,0,0,0,0,EMPTY
2026-09-07 04:00:00,4,Monday,0,0,22.92,46.96,435.4,15.6,0,33.4,217.7,0.2,44.3,STANDBY,0,0,0,0,0,EMPTY
2026-09-07 04:15:00,4,Monday,0,0,22.74,46.63,418.1,15.6,1,32.0,220.4,0.24,53.6,STANDBY,0,0,0,0,0,EMPTY
2026-09-07 04:30:00,4,Monday,0,0,24.53,50.11,388.7,13.9,0,29.0,219.0,0.21,45.2,STANDBY,0,0,0,0,0,EMPTY
2026-09-07 04:45:00,4,Monday,0,0,22.75,45.32,424.4,17.6,0,32.6,216.7,0.23,48.8,STANDBY,0,0,0,0,0,EMPTY
2026-09-07 05:00:00,5,Monday,0,0,21.73,50.05,355.8,9.4,1,32.5,218.6,0.24,51.6,STANDBY,0,0,0,0,0,EMPTY
2026-09-07 05:15:00,5,Monday,0,0,24.38,49.81,418.3,5.1,1,30.1,222.7,0.18,39.7,STANDBY,0,0,0,0,0,EMPTY
2026-09-07 05:30:00,5,Monday,0,0,22.21,51.46,443.7,11.3,1,29.1,218.7,0.15,33.3,STANDBY,0,0,0,0,0,EMPTY
2026-09-07 05:45:00,5,Monday,0,0,22.95,50.06,429.6,13.1,0,22.8,218.7,0.26,57.2,STANDBY,0,0,0,0,0,EMPTY
2026-09-07 06:00:00,6,Monday,0,0,22.7,45.23,435.2,160.9,0,32.4,221.2,0.2,45.0,STANDBY,0,0,0,0,0,EMPTY
2026-09-07 06:15:00,6,Monday,0,0,24.01,45.59,383.8,65.8,0,37.9,221.9,0.18,40.8,STANDBY,0,0,0,0,0,EMPTY
2026-09-07 06:30:00,6,Monday,0,0,21.63,43.02,441.8,200.7,1,36.4,222.4,0.19,43.3,STANDBY,0,0,0,0,0,EMPTY
2026-09-07 06:45:00,6,Monday,0,0,21.84,49.17,387.2,160.9,0,35.5,220.3,0.21,45.9,STANDBY,0,0,0,0,0,EMPTY
2026-09-07 07:00:00,7,Monday,0,0,21.69,51.09,406.4,135.3,0,29.3,216.0,0.23,49.5,STANDBY,0,0,0,0,0,EMPTY
2026-09-07 07:15:00,7,Monday,0,0,22.46,46.58,405.9,125.1,0,34.4,220.7,3.23,712.1,WASTE_DETECTED,0,0,0,0,0,EMPTY
2026-09-07 07:30:00,7,Monday,0,0,21.39,47.33,411.0,101.5,0,29.0,220.4,0.21,45.7,STANDBY,0,0,0,0,0,EMPTY
2026-09-07 07:45:00,7,Monday,0,0,21.99,50.04,416.6,93.2,1,28.8,217.4,0.21,44.6,STANDBY,0,0,0,0,0,EMPTY
2026-09-07 08:00:00,8,Monday,0,0,27.9,63.61,1433.3,548.1,1,73.7,220.0,16.34,3594.7,HIGH_USAGE,0,29,5,0,0,OCCUPIED
2026-09-07 08:15:00,8,Monday,0,0,23.72,46.91,454.4,149.9,0,36.6,220.4,0.24,53.0,STANDBY,1,0,0,0,0,EMPTY
2026-09-07 08:30:00,8,Monday,0,0,22.06,55.16,438.1,126.3,0,32.1,222.2,0.19,42.8,STANDBY,0,0,0,0,0,EMPTY
2026-09-07 08:45:00,8,Monday,0,0,20.69,48.55,434.4,135.8,0,30.5,223.3,0.16,36.4,STANDBY,0,0,0,0,0,EMPTY
2026-09-07 09:00:00,9,Monday,0,1,28.42,60.57,1486.0,456.2,1,79.3,220.7,18.33,4045.0,HIGH_USAGE,0,34,5,0,0,OCCUPIED
2026-09-07 09:15:00,9,Monday,0,1,26.57,57.46,1248.0,435.0,1,65.4,219.6,15.46,3395.7,HIGH_USAGE,1,19,3,0,0,OCCUPIED
2026-09-07 09:30:00,9,Monday,0,1,26.77,53.1,1101.1,467.2,1,66.7,219.1,12.61,2764.0,HIGH_USAGE,1,13,3,0,0,OCCUPIED
2026-09-07 09:45:00,9,Monday,0,1,26.42,58.62,1362.8,499.9,0,57.8,220.2,16.02,3528.7,HIGH_USAGE,1,23,3,0,0,OCCUPIED
2026-09-07 10:00:00,10,Monday,0,1,24.27,48.43,423.0,135.2,0,34.1,218.9,0.24,53.0,STANDBY,1,0,0,0,0,EMPTY
2026-09-07 10:15:00,10,Monday,0,1,26.57,48.24,1230.1,506.4,1,70.3,221.7,14.21,3149.8,HIGH_USAGE,0,21,3,0,0,OCCUPIED
2026-09-07 10:30:00,10,Monday,0,1,24.77,45.35,426.4,92.9,0,27.6,221.8,0.17,38.0,STANDBY,1,0,0,0,0,EMPTY
2026-09-07 10:45:00,10,Monday,0,1,22.05,42.97,382.9,123.8,0,33.3,222.2,3.41,758.6,WASTE_DETECTED,0,0,0,0,0,EMPTY
2026-09-07 11:00:00,11,Monday,0,1,25.07,52.28,1130.4,467.9,1,65.1,217.2,8.04,1746.5,NORMAL_USAGE,0,21,3,0,0,OCCUPIED
2026-09-07 11:15:00,11,Monday,0,1,25.85,60.12,1359.0,428.0,1,71.1,219.1,11.1,2432.3,HIGH_USAGE,1,25,3,0,0,OCCUPIED
2026-09-07 11:30:00,11,Monday,0,1,23.84,57.63,1299.8,402.8,1,63.0,218.6,7.17,1567.9,NORMAL_USAGE,1,21,2,0,0,OCCUPIED
2026-09-07 11:45:00,11,Monday,0,1,23.67,54.16,422.2,140.4,0,28.7,220.3,0.19,41.8,STANDBY,1,0,0,0,0,EMPTY
2026-09-07 12:00:00,12,Monday,0,1,24.59,53.86,1144.0,416.6,1,61.1,218.8,6.95,1520.3,NORMAL_USAGE,0,14,2,0,0,OCCUPIED
2026-09-07 12:15:00,12,Monday,0,1,24.91,61.8,1079.9,432.9,1,51.6,219.9,9.28,2040.9,HIGH_USAGE,1,20,2,0,0,OCCUPIED
2026-09-07 12:30:00,12,Monday,0,1,28.63,56.48,1383.7,514.7,1,74.4,218.0,16.9,3683.3,HIGH_USAGE,1,26,5,0,0,OCCUPIED
2026-09-07 12:45:00,12,Monday,0,1,27.65,61.83,1398.6,485.7,1,72.7,217.9,19.53,4256.6,HIGH_USAGE,1,33,5,0,0,OCCUPIED
2026-09-07 13:00:00,13,Monday,0,1,25.18,59.63,1111.0,485.1,1,65.2,220.6,7.67,1691.7,NORMAL_USAGE,1,17,3,0,0,OCCUPIED
2026-09-07 13:15:00,13,Monday,0,1,27.11,56.34,1315.1,444.5,1,66.3,220.2,17.0,3744.0,HIGH_USAGE,1,27,5,0,0,OCCUPIED
2026-09-07 13:30:00,13,Monday,0,0,22.64,48.56,421.4,152.2,0,28.4,217.4,0.24,53.2,STANDBY,1,0,0,0,0,EMPTY
2026-09-07 13:45:00,13,Monday,0,1,26.59,59.09,1035.9,470.3,1,67.1,220.2,13.66,3008.0,HIGH_USAGE,0,14,3,0,0,OCCUPIED
2026-09-07 14:00:00,14,Monday,0,1,25.0,62.77,1456.6,427.6,1,74.4,219.5,12.13,2662.9,HIGH_USAGE,1,29,3,0,0,OCCUPIED
2026-09-07 14:15:00,14,Monday,0,1,26.53,63.23,1514.9,421.6,1,77.3,217.0,18.26,3963.2,HIGH_USAGE,1,33,3,0,0,OCCUPIED
2026-09-07 14:30:00,14,Monday,0,1,25.61,60.88,967.9,408.7,1,63.9,219.3,6.32,1385.8,NORMAL_USAGE,1,13,3,0,0,OCCUPIED
2026-09-07 14:45:00,14,Monday,0,1,26.58,61.16,1315.3,484.7,1,64.7,219.4,15.51,3402.5,HIGH_USAGE,1,23,3,0,0,OCCUPIED
2026-09-07 15:00:00,15,Monday,0,0,27.15,54.6,1356.7,494.3,1,64.0,221.6,14.87,3293.9,HIGH_USAGE,1,23,5,0,0,OCCUPIED
2026-09-07 15:15:00,15,Monday,0,1,23.18,46.44,407.2,107.2,0,31.6,218.7,0.2,43.4,STANDBY,1,0,0,0,0,EMPTY
2026-09-07 15:30:00,15,Monday,0,1,26.18,56.54,1216.9,472.6,1,56.5,225.2,15.27,3439.8,HIGH_USAGE,0,21,3,0,0,OCCUPIED
2026-09-07 15:45:00,15,Monday,0,1,24.86,61.5,1082.8,473.5,1,56.7,219.7,7.59,1667.3,NORMAL_USAGE,1,14,2,0,0,OCCUPIED
2026-09-07 16:00:00,16,Monday,0,1,27.64,59.2,1592.0,459.5,1,80.2,222.3,19.2,4269.3,HIGH_USAGE,1,37,5,0,0,OCCUPIED
2026-09-07 16:15:00,16,Monday,0,1,,58.82,1486.8,480.2,1,69.0,220.2,20.12,4430.4,HIGH_USAGE,1,34,3,0,0,OCCUPIED
2026-09-07 16:30:00,16,Monday,0,1,21.72,46.91,433.3,153.8,0,32.1,219.4,0.25,55.9,STANDBY,1,0,0,0,0,EMPTY
2026-09-07 16:45:00,16,Monday,0,1,25.39,52.29,1162.9,393.3,1,66.7,213.5,8.15,1740.6,NORMAL_USAGE,0,15,3,0,0,OCCUPIED
2026-09-07 17:00:00,17,Monday,0,1,23.11,49.58,413.0,53.5,0,28.0,222.0,0.2,44.0,STANDBY,1,0,0,0,0,EMPTY
2026-09-07 17:15:00,17,Monday,0,0,21.79,48.1,409.0,145.8,0,29.3,222.4,0.19,42.8,STANDBY,0,0,0,0,0,EMPTY
2026-09-07 17:30:00,17,Monday,0,1,28.67,61.38,1392.4,451.2,1,77.4,219.9,18.02,3961.2,HIGH_USAGE,0,27,5,0,0,OCCUPIED
2026-09-07 17:45:00,17,Monday,0,1,26.09,58.15,1176.8,364.8,1,68.5,217.4,14.76,3208.0,HIGH_USAGE,1,18,3,0,0,OCCUPIED
2026-09-07 18:00:00,18,Monday,0,0,27.44,55.76,1352.3,471.2,1,67.3,216.0,18.62,4020.7,HIGH_USAGE,1,33,5,0,0,OCCUPIED
2026-09-07 18:15:00,18,Monday,0,0,27.12,,1213.5,440.7,0,62.1,220.3,13.6,2995.8,HIGH_USAGE,1,15,5,0,0,OCCUPIED
2026-09-07 18:30:00,18,Monday,0,0,,54.18,1310.7,497.3,1,67.7,224.1,16.06,3599.2,HIGH_USAGE,1,29,3,0,0,OCCUPIED
2026-09-07 18:45:00,18,Monday,0,0,22.48,48.94,392.1,148.4,0,36.6,221.0,0.16,35.5,STANDBY,1,0,0,0,0,EMPTY
2026-09-07 19:00:00,19,Monday,0,0,23.33,48.9,434.1,4.7,0,33.6,223.1,0.14,31.2,STANDBY,0,0,0,0,0,EMPTY
2026-09-07 19:15:00,19,Monday,0,0,23.56,56.11,1336.1,369.7,1,66.0,221.6,7.49,1661.2,NORMAL_USAGE,0,19,2,0,0,OCCUPIED
2026-09-07 19:30:00,19,Monday,0,0,28.09,59.13,1633.5,398.5,0,65.0,217.6,20.37,4431.4,HIGH_USAGE,1,37,5,0,0,OCCUPIED
2026-09-07 19:45:00,19,Monday,0,0,22.65,52.99,416.5,13.8,0,34.0,223.4,0.19,42.6,STANDBY,1,0,0,0,0,EMPTY
2026-09-07 20:00:00,20,Monday,0,0,23.2,49.55,392.8,8.5,1,23.0,221.8,0.21,46.8,STANDBY,0,0,0,0,0,EMPTY
2026-09-07 20:15:00,20,Monday,0,0,23.06,43.86,446.1,16.1,0,33.8,215.5,0.22,47.0,STANDBY,0,0,0,0,0,EMPTY
2026-09-07 20:30:00,20,Monday,0,0,23.76,39.44,407.4,13.5,0,30.9,214.9,0.27,57.4,STANDBY,0,0,0,0,0,EMPTY
2026-09-07 20:45:00,20,Monday,0,0,22.03,49.2,391.5,7.7,0,28.3,220.1,0.16,34.7,STANDBY,0,0,0,0,0,EMPTY
2026-09-07 21:00:00,21,Monday,0,0,23.66,42.9,419.8,16.0,0,33.3,222.3,0.17,38.7,STANDBY,0,0,0,0,0,EMPTY
2026-09-07 21:15:00,21,Monday,0,0,22.31,48.0,448.2,18.0,0,34.1,225.9,3.61,815.4,WASTE_DETECTED,0,0,0,0,0,EMPTY
2026-09-07 21:30:00,21,Monday,0,0,21.4,41.61,379.4,9.5,0,32.2,223.8,0.2,43.9,STANDBY,0,0,0,0,0,EMPTY
2026-09-07 21:45:00,21,Monday,0,0,21.6,45.88,399.4,13.2,0,33.2,219.0,3.22,704.4,WASTE_DETECTED,0,0,0,0,0,EMPTY
2026-09-07 22:00:00,22,Monday,0,0,22.54,47.65,380.1,7.1,0,31.1,216.9,0.19,40.3,STANDBY,0,0,0,0,0,EMPTY
2026-09-07 22:15:00,22,Monday,0,0,23.8,49.04,436.5,11.6,0,31.0,223.8,0.16,34.8,STANDBY,0,0,0,0,0,EMPTY
2026-09-07 22:30:00,22,Monday,0,0,22.01,43.23,432.1,5.6,1,31.2,218.9,0.21,46.5,STANDBY,0,0,0,0,0,EMPTY
2026-09-07 22:45:00,22,Monday,0,0,22.8,51.95,407.5,21.4,0,26.8,221.9,3.63,806.2,WASTE_DETECTED,0,0,0,0,0,EMPTY
2026-09-07 23:00:00,23,Monday,0,0,22.39,44.67,407.8,8.7,0,33.4,217.2,0.21,46.7,STANDBY,0,0,0,0,0,EMPTY
2026-09-07 23:15:00,23,Monday,0,0,26.53,54.5,1214.1,362.4,0,60.0,222.8,14.54,3240.0,HIGH_USAGE,0,17,3,0,0,OCCUPIED
2026-09-07 23:30:00,23,Monday,0,0,22.3,51.56,440.0,9.2,1,31.8,219.9,0.2,43.0,STANDBY,1,0,0,0,0,EMPTY
2026-09-07 23:45:00,23,Monday,0,0,22.79,48.12,438.3,13.3,0,30.8,221.2,0.13,29.3,STANDBY,0,0,0,0,0,EMPTY
2026-09-08 00:00:00,0,Tuesday,0,0,23.74,49.78,444.6,9.7,0,32.7,216.5,0.27,58.3,STANDBY,0,0,0,0,0,EMPTY
2026-09-08 00:15:00,0,Tuesday,0,0,21.66,42.85,426.4,7.1,0,27.3,218.3,0.21,46.2,STANDBY,0,0,0,0,0,EMPTY
2026-09-08 00:30:00,0,Tuesday,0,0,22.45,51.11,438.5,19.1,0,32.9,218.2,0.21,45.7,STANDBY,0,0,0,0,0,EMPTY
2026-09-08 00:45:00,0,Tuesday,0,0,21.99,48.61,436.5,12.5,0,27.5,219.6,0.19,41.0,STANDBY,0,0,0,0,0,EMPTY
2026-09-08 01:00:00,1,Tuesday,0,0,23.78,47.74,382.3,15.4,0,31.4,220.0,0.26,57.8,STANDBY,0,0,0,0,0,EMPTY
2026-09-08 01:15:00,1,Tuesday,0,0,25.47,48.87,462.8,4.2,0,32.0,218.4,0.27,58.2,STANDBY,0,0,0,0,0,EMPTY
2026-09-08 01:30:00,1,Tuesday,0,0,42.0,44.1,2600.0,13.9,0,37.0,190.0,0.28,52.9,STANDBY,0,0,0,0,1,EMPTY
2026-09-08 01:45:00,1,Tuesday,0,0,22.57,47.2,420.2,18.4,1,35.6,217.3,0.19,41.6,STANDBY,0,0,0,0,0,EMPTY
2026-09-08 02:00:00,2,Tuesday,0,0,21.77,47.4,442.3,22.0,0,34.1,220.9,0.25,54.3,STANDBY,0,0,0,0,0,EMPTY
2026-09-08 02:15:00,2,Tuesday,0,0,21.46,47.62,461.8,10.4,0,24.9,221.1,0.23,50.6,STANDBY,0,0,0,0,0,EMPTY
2026-09-08 02:30:00,2,Tuesday,0,0,22.71,42.11,384.4,7.6,0,27.7,219.7,0.31,68.8,STANDBY,0,0,0,0,0,EMPTY
2026-09-08 02:45:00,2,Tuesday,0,0,20.71,47.96,405.1,14.1,0,34.2,217.1,0.19,41.5,STANDBY,0,0,0,0,0,EMPTY
2026-09-08 03:00:00,3,Tuesday,0,0,21.09,50.78,429.6,6.1,0,32.3,219.7,0.2,44.4,STANDBY,0,0,0,0,0,EMPTY
2026-09-08 03:15:00,3,Tuesday,0,0,22.61,49.43,430.9,27.6,0,39.3,217.2,3.18,690.4,WASTE_DETECTED,0,0,0,0,0,EMPTY
2026-09-08 03:30:00,3,Tuesday,0,0,24.53,48.45,420.6,13.5,0,29.7,216.9,0.24,52.8,STANDBY,0,0,0,0,0,EMPTY
2026-09-08 03:45:00,3,Tuesday,0,0,22.49,51.09,426.4,20.5,0,37.8,221.0,0.17,38.6,STANDBY,0,0,0,0,0,EMPTY
2026-09-08 04:00:00,4,Tuesday,0,0,21.42,49.65,386.3,11.3,0,34.0,217.8,0.13,27.4,STANDBY,0,0,0,0,0,EMPTY
2026-09-08 04:15:00,4,Tuesday,0,0,20.73,53.42,399.6,11.8,0,32.5,216.9,0.2,44.2,STANDBY,0,0,0,0,0,EMPTY
2026-09-08 04:30:00,4,Tuesday,0,0,21.15,47.88,,7.6,0,33.3,225.1,0.21,47.2,STANDBY,0,0,0,0,0,EMPTY
2026-09-08 04:45:00,4,Tuesday,0,0,21.1,46.93,427.2,10.7,0,30.9,218.3,0.17,37.9,STANDBY,0,0,0,0,0,EMPTY
2026-09-08 05:00:00,5,Tuesday,0,0,20.96,44.73,446.7,27.8,0,35.5,220.6,0.19,41.7,STANDBY,0,0,0,0,0,EMPTY
2026-09-08 05:15:00,5,Tuesday,0,0,20.06,44.04,402.1,15.1,0,33.3,218.0,0.16,36.0,STANDBY,0,0,0,0,0,EMPTY
2026-09-08 05:30:00,5,Tuesday,0,0,23.08,52.34,442.0,12.7,1,34.6,219.2,0.2,43.0,STANDBY,0,0,0,0,0,EMPTY
2026-09-08 05:45:00,5,Tuesday,0,0,42.0,51.25,2600.0,5.8,0,35.9,190.0,0.27,52.2,STANDBY,0,0,0,0,1,EMPTY
2026-09-08 06:00:00,6,Tuesday,0,0,21.28,43.18,386.7,91.1,0,35.0,221.7,0.16,35.0,STANDBY,0,0,0,0,0,EMPTY
2026-09-08 06:15:00,6,Tuesday,0,0,22.69,48.29,439.3,99.2,0,32.1,219.1,0.22,49.0,STANDBY,0,0,0,0,0,EMPTY
2026-09-08 06:30:00,6,Tuesday,0,0,21.92,47.91,468.6,113.5,0,29.7,220.3,0.28,60.6,STANDBY,0,0,0,0,0,EMPTY
2026-09-08 06:45:00,6,Tuesday,0,0,22.82,45.85,427.5,179.8,0,29.9,223.3,0.15,34.5,STANDBY,0,0,0,0,0,EMPTY
2026-09-08 07:00:00,7,Tuesday,0,0,22.99,43.86,382.8,102.5,0,28.6,222.8,0.2,44.5,STANDBY,0,0,0,0,0,EMPTY
2026-09-08 07:15:00,7,Tuesday,0,0,21.9,47.16,412.9,119.9,0,34.8,215.6,0.24,51.3,STANDBY,0,0,0,0,0,EMPTY
2026-09-08 07:30:00,7,Tuesday,0,0,23.21,52.26,421.9,171.1,0,32.2,221.1,0.25,55.7,STANDBY,0,0,0,0,0,EMPTY
2026-09-08 07:45:00,7,Tuesday,0,0,19.23,47.36,476.1,163.8,0,33.0,220.1,0.18,40.5,STANDBY,0,0,0,0,0,EMPTY
2026-09-08 08:00:00,8,Tuesday,0,0,26.16,54.3,1230.1,438.4,1,62.8,217.4,13.82,3004.7,HIGH_USAGE,0,17,3,0,0,OCCUPIED
2026-09-08 08:15:00,8,Tuesday,0,0,25.84,58.86,1177.5,399.1,1,71.2,221.9,6.74,1496.4,NORMAL_USAGE,1,15,3,0,0,OCCUPIED
2026-09-08 08:30:00,8,Tuesday,0,0,22.67,42.82,428.1,110.5,0,35.2,223.8,0.2,44.8,STANDBY,1,0,0,0,0,EMPTY
2026-09-08 08:45:00,8,Tuesday,0,0,21.37,46.85,425.9,112.8,0,33.8,221.5,0.13,29.6,STANDBY,0,0,0,0,0,EMPTY
2026-09-08 09:00:00,9,Tuesday,0,1,25.04,63.13,1359.7,493.9,1,65.6,225.3,9.47,2132.6,HIGH_USAGE,0,22,3,0,0,OCCUPIED
2026-09-08 09:15:00,9,Tuesday,0,1,24.84,61.95,1411.3,416.5,1,65.7,226.2,11.47,2595.3,HIGH_USAGE,1,27,2,0,0,OCCUPIED
2026-09-08 09:30:00,9,Tuesday,0,1,24.84,59.88,1049.2,458.2,1,59.3,222.7,6.25,1391.3,NORMAL_USAGE,1,12,2,0,0,OCCUPIED
2026-09-08 09:45:00,9,Tuesday,0,0,27.8,57.1,1106.2,509.9,1,55.1,221.7,14.83,3287.4,HIGH_USAGE,1,18,5,0,0,OCCUPIED
2026-09-08 10:00:00,10,Tuesday,0,1,42.0,59.4,2600.0,432.9,1,62.5,190.0,7.08,1345.0,NORMAL_USAGE,1,13,2,0,1,OCCUPIED
2026-09-08 10:15:00,10,Tuesday,0,1,27.3,51.42,1501.5,393.9,1,73.7,218.8,19.18,4196.4,HIGH_USAGE,1,34,5,0,0,OCCUPIED
2026-09-08 10:30:00,10,Tuesday,0,1,26.43,58.31,1128.3,474.7,1,72.9,222.0,14.91,3309.9,HIGH_USAGE,1,18,3,0,0,OCCUPIED
2026-09-08 10:45:00,10,Tuesday,0,1,26.41,59.54,1343.5,535.9,1,73.9,218.8,19.19,4198.3,HIGH_USAGE,1,33,3,0,0,OCCUPIED
2026-09-08 11:00:00,11,Tuesday,0,1,26.15,59.24,1440.6,347.4,1,70.8,221.6,18.68,4138.9,HIGH_USAGE,1,35,3,0,0,OCCUPIED
2026-09-08 11:15:00,11,Tuesday,0,0,20.57,48.98,391.1,72.6,0,37.1,220.8,0.13,29.6,STANDBY,1,0,0,0,0,EMPTY
2026-09-08 11:30:00,11,Tuesday,0,1,26.36,54.0,1523.0,466.3,1,74.4,221.6,20.1,4454.7,HIGH_USAGE,0,34,3,0,0,OCCUPIED
2026-09-08 11:45:00,11,Tuesday,0,1,25.96,63.59,1270.3,415.4,1,66.5,219.5,8.88,1948.9,HIGH_USAGE,1,21,3,0,0,OCCUPIED
2026-09-08 12:00:00,12,Tuesday,0,0,23.79,50.43,461.0,113.2,0,41.4,223.2,0.18,40.0,STANDBY,1,0,0,0,0,EMPTY
2026-09-08 12:15:00,12,Tuesday,0,1,26.14,58.09,1199.2,483.7,1,64.8,221.7,15.99,3544.8,HIGH_USAGE,0,22,3,0,0,OCCUPIED
2026-09-08 12:30:00,12,Tuesday,0,0,22.0,,410.1,189.5,0,32.4,217.4,3.25,706.3,WASTE_DETECTED,1,0,0,0,0,EMPTY
2026-09-08 12:45:00,12,Tuesday,0,1,27.2,64.12,1401.0,460.8,1,63.1,213.6,18.52,3956.9,HIGH_USAGE,0,31,5,0,0,OCCUPIED
2026-09-08 13:00:00,13,Tuesday,0,1,27.32,58.81,1506.5,457.3,1,72.8,220.2,18.45,4063.1,HIGH_USAGE,1,33,5,0,0,OCCUPIED
2026-09-08 13:15:00,13,Tuesday,0,0,23.59,47.32,425.9,170.3,0,26.8,219.8,0.18,39.4,STANDBY,1,0,0,0,0,EMPTY
2026-09-08 13:30:00,13,Tuesday,0,1,25.99,56.71,1093.5,458.3,1,68.6,220.1,8.55,1882.9,HIGH_USAGE,0,17,3,0,0,OCCUPIED
2026-09-08 13:45:00,13,Tuesday,0,1,24.97,59.86,1133.1,,1,63.6,221.2,7.18,1588.8,NORMAL_USAGE,1,16,2,0,0,OCCUPIED
2026-09-08 14:00:00,14,Tuesday,0,0,24.22,44.85,445.5,86.0,0,30.2,217.2,0.17,36.9,STANDBY,1,0,0,0,0,EMPTY
2026-09-08 14:15:00,14,Tuesday,0,1,26.33,60.82,1147.1,477.4,1,64.6,223.1,14.49,3231.7,HIGH_USAGE,0,16,3,0,0,OCCUPIED
2026-09-08 14:30:00,14,Tuesday,0,1,29.22,61.52,1505.7,463.6,1,77.6,220.8,19.04,4203.6,HIGH_USAGE,1,29,5,0,0,OCCUPIED
2026-09-08 14:45:00,14,Tuesday,0,0,21.78,49.24,450.3,149.8,0,32.1,217.9,0.17,37.7,STANDBY,1,0,0,0,0,EMPTY
2026-09-08 15:00:00,15,Tuesday,0,1,42.0,59.12,2600.0,478.9,1,64.0,190.0,20.52,3899.6,HIGH_USAGE,0,31,5,0,1,OCCUPIED
2026-09-08 15:15:00,15,Tuesday,0,0,26.44,63.13,1469.5,490.6,1,82.1,223.7,17.38,3888.2,HIGH_USAGE,1,30,3,0,0,OCCUPIED
2026-09-08 15:30:00,15,Tuesday,0,1,26.08,60.52,1005.4,404.0,1,69.7,217.6,13.4,2915.1,HIGH_USAGE,1,13,3,0,0,OCCUPIED
2026-09-08 15:45:00,15,Tuesday,0,1,26.91,58.6,1231.9,451.9,1,57.4,220.2,15.41,3394.2,HIGH_USAGE,1,19,3,0,0,OCCUPIED
2026-09-08 16:00:00,16,Tuesday,0,1,25.97,66.82,1444.5,498.1,1,67.0,227.1,10.04,2280.2,HIGH_USAGE,1,30,3,0,0,OCCUPIED
2026-09-08 16:15:00,16,Tuesday,0,1,27.88,62.28,1141.4,463.9,1,66.1,215.7,17.71,3820.9,HIGH_USAGE,1,24,5,0,0,OCCUPIED
2026-09-08 16:30:00,16,Tuesday,0,1,27.43,65.58,1527.9,463.1,1,64.6,219.3,18.74,4108.7,HIGH_USAGE,1,34,5,0,0,OCCUPIED
2026-09-08 16:45:00,16,Tuesday,0,0,22.63,47.53,413.8,107.7,0,30.3,221.6,0.25,55.0,STANDBY,1,0,0,0,0,EMPTY
2026-09-08 17:00:00,17,Tuesday,0,1,21.68,48.27,455.3,132.0,0,27.4,224.3,0.19,43.5,STANDBY,0,0,0,0,0,EMPTY
2026-09-08 17:15:00,17,Tuesday,0,1,26.47,57.42,1317.1,367.0,1,72.2,217.1,16.15,3507.3,HIGH_USAGE,0,27,3,0,0,OCCUPIED
2026-09-08 17:30:00,17,Tuesday,0,1,27.62,63.18,1374.8,511.6,1,68.6,223.4,17.38,3883.3,HIGH_USAGE,1,35,5,0,0,OCCUPIED
2026-09-08 17:45:00,17,Tuesday,0,1,27.16,55.11,1082.7,474.5,1,63.7,215.8,13.61,2937.8,HIGH_USAGE,1,15,5,0,0,OCCUPIED
2026-09-08 18:00:00,18,Tuesday,0,0,21.38,49.41,395.3,199.5,0,36.4,220.9,0.21,45.4,STANDBY,1,0,0,0,0,EMPTY
2026-09-08 18:15:00,18,Tuesday,0,0,21.67,48.11,477.0,133.1,0,30.9,218.8,3.45,755.7,WASTE_DETECTED,0,0,0,0,0,EMPTY
2026-09-08 18:30:00,18,Tuesday,0,0,26.72,54.27,1447.0,469.5,1,73.4,221.5,17.05,3776.8,HIGH_USAGE,0,27,3,0,0,OCCUPIED
2026-09-08 18:45:00,18,Tuesday,0,0,27.07,58.18,1456.0,417.5,1,71.6,218.2,19.54,4264.2,HIGH_USAGE,1,32,5,0,0,OCCUPIED
2026-09-08 19:00:00,19,Tuesday,0,0,23.63,45.93,424.1,7.9,0,29.9,220.7,0.14,30.6,STANDBY,1,0,0,0,0,EMPTY
2026-09-08 19:15:00,19,Tuesday,0,0,23.52,52.48,386.5,15.2,0,30.3,222.9,0.21,47.3,STANDBY,0,0,0,0,0,EMPTY
2026-09-08 19:30:00,19,Tuesday,0,0,24.68,58.07,1248.3,399.4,0,73.1,218.8,9.3,2034.8,HIGH_USAGE,0,23,2,0,0,OCCUPIED
2026-09-08 19:45:00,19,Tuesday,0,0,21.31,45.86,377.3,14.3,1,30.0,219.4,0.26,57.4,STANDBY,1,0,0,0,0,EMPTY
2026-09-08 20:00:00,20,Tuesday,0,0,24.27,48.31,445.7,14.7,0,34.8,220.1,0.15,32.5,STANDBY,0,0,0,0,0,EMPTY
2026-09-08 20:15:00,20,Tuesday,0,0,22.44,49.39,431.3,18.9,0,31.9,218.6,0.15,31.8,STANDBY,0,0,0,0,0,EMPTY
2026-09-08 20:30:00,20,Tuesday,0,0,20.72,46.78,427.0,17.4,0,36.1,222.1,0.23,51.9,STANDBY,0,0,0,0,0,EMPTY
2026-09-08 20:45:00,20,Tuesday,0,0,23.22,49.72,434.4,9.8,0,30.1,220.1,0.16,35.0,STANDBY,0,0,0,0,0,EMPTY
2026-09-08 21:00:00,21,Tuesday,0,0,23.24,48.05,370.9,24.5,1,33.0,219.6,3.36,737.7,WASTE_DETECTED,0,0,0,0,0,EMPTY
2026-09-08 21:15:00,21,Tuesday,0,0,20.49,52.81,449.9,6.1,0,32.8,226.7,0.22,49.1,STANDBY,0,0,0,0,0,EMPTY
2026-09-08 21:30:00,21,Tuesday,0,0,25.63,49.19,414.3,4.9,0,28.7,219.9,0.19,42.8,STANDBY,0,0,0,0,0,EMPTY
2026-09-08 21:45:00,21,Tuesday,0,0,21.59,51.29,427.8,11.3,0,33.6,222.3,0.2,45.4,STANDBY,0,0,0,0,0,EMPTY
2026-09-08 22:00:00,22,Tuesday,0,0,23.25,48.78,384.3,17.7,0,32.1,217.1,3.45,750.1,WASTE_DETECTED,0,0,0,0,0,EMPTY
2026-09-08 22:15:00,22,Tuesday,0,0,22.2,,392.2,14.9,0,32.0,218.4,0.21,46.6,STANDBY,0,0,0,0,0,EMPTY
2026-09-08 22:30:00,22,Tuesday,0,0,21.94,45.1,441.0,25.5,0,29.8,221.8,0.26,57.2,STANDBY,0,0,0,0,0,EMPTY
2026-09-08 22:45:00,22,Tuesday,0,0,21.88,55.09,461.1,16.0,0,30.5,223.7,0.19,41.7,STANDBY,0,0,0,0,0,EMPTY
2026-09-08 23:00:00,23,Tuesday,0,0,23.89,52.15,453.0,8.3,0,28.3,221.4,0.25,55.0,STANDBY,0,0,0,0,0,EMPTY
2026-09-08 23:15:00,23,Tuesday,0,0,23.52,51.25,451.5,12.6,0,32.5,222.2,0.17,38.5,STANDBY,0,0,0,0,0,EMPTY
2026-09-08 23:30:00,23,Tuesday,0,0,24.04,56.92,395.5,10.5,0,33.7,218.4,0.2,43.4,STANDBY,0,0,0,0,0,EMPTY
2026-09-08 23:45:00,23,Tuesday,0,0,22.6,49.41,413.1,22.3,0,31.7,219.7,0.27,59.8,STANDBY,0,0,0,0,0,EMPTY
2026-09-09 00:00:00,0,Wednesday,0,0,20.22,47.02,406.7,6.2,0,30.9,219.5,0.18,39.9,STANDBY,0,0,0,0,0,EMPTY
2026-09-09 00:15:00,0,Wednesday,0,0,23.06,48.0,428.1,12.9,0,32.2,222.2,0.25,55.5,STANDBY,0,0,0,0,0,EMPTY
2026-09-09 00:30:00,0,Wednesday,0,0,23.51,45.12,454.7,18.8,1,26.3,218.5,0.21,46.5,STANDBY,0,0,0,0,0,EMPTY
2026-09-09 00:45:00,0,Wednesday,0,0,24.13,49.6,409.2,19.8,1,35.6,220.5,0.27,58.7,STANDBY,0,0,0,0,0,EMPTY
2026-09-09 01:00:00,1,Wednesday,0,0,22.12,44.69,414.7,19.5,0,25.7,222.1,0.13,28.8,STANDBY,0,0,0,0,0,EMPTY
2026-09-09 01:15:00,1,Wednesday,0,0,21.58,49.98,444.2,10.4,0,36.0,218.1,0.19,40.7,STANDBY,0,0,0,0,0,EMPTY
2026-09-09 01:30:00,1,Wednesday,0,0,22.8,51.82,460.1,10.7,0,33.5,216.4,0.26,56.4,STANDBY,0,0,0,0,0,EMPTY
2026-09-09 01:45:00,1,Wednesday,0,0,23.42,43.71,435.8,16.9,1,32.8,223.8,0.18,40.7,STANDBY,0,0,0,0,0,EMPTY
2026-09-09 02:00:00,2,Wednesday,0,0,22.78,50.21,417.6,5.7,0,32.8,219.5,0.25,54.1,STANDBY,0,0,0,0,0,EMPTY
2026-09-09 02:15:00,2,Wednesday,0,0,23.1,47.18,416.3,17.9,0,36.9,219.0,0.21,45.1,STANDBY,0,0,0,0,0,EMPTY
2026-09-09 02:30:00,2,Wednesday,0,0,21.64,51.14,446.7,16.6,0,36.1,223.2,0.2,45.4,STANDBY,0,0,0,0,0,EMPTY
2026-09-09 02:45:00,2,Wednesday,0,0,23.66,47.55,433.2,10.8,0,30.5,222.2,0.2,44.5,STANDBY,0,0,0,0,0,EMPTY
2026-09-09 03:00:00,3,Wednesday,0,0,20.25,46.23,405.8,19.3,0,35.5,221.7,0.23,50.1,STANDBY,0,0,0,0,0,EMPTY
2026-09-09 03:15:00,3,Wednesday,0,0,21.57,44.41,453.5,16.9,0,34.1,215.3,0.24,51.3,STANDBY,0,0,0,0,0,EMPTY
2026-09-09 03:30:00,3,Wednesday,0,0,20.68,43.33,450.4,10.3,0,31.7,221.5,0.21,47.3,STANDBY,0,0,0,0,0,EMPTY
2026-09-09 03:45:00,3,Wednesday,0,0,22.21,46.32,470.6,13.8,0,31.8,221.7,0.2,44.8,STANDBY,0,0,0,0,0,EMPTY
2026-09-09 04:00:00,4,Wednesday,0,0,23.49,44.7,463.5,11.3,0,30.4,219.5,0.23,49.5,STANDBY,0,0,0,0,0,EMPTY
2026-09-09 04:15:00,4,Wednesday,0,0,24.43,46.46,439.3,14.9,0,33.4,214.9,0.26,56.8,STANDBY,0,0,0,0,0,EMPTY
2026-09-09 04:30:00,4,Wednesday,0,0,,60.75,1285.6,402.8,1,67.9,219.0,15.05,3295.5,HIGH_USAGE,0,21,3,0,0,OCCUPIED
2026-09-09 04:45:00,4,Wednesday,0,0,23.21,50.73,386.6,14.6,0,30.5,226.0,0.12,27.3,STANDBY,1,0,0,0,0,EMPTY
2026-09-09 05:00:00,5,Wednesday,0,0,22.61,46.52,398.7,12.3,0,28.6,220.1,0.19,41.6,STANDBY,0,0,0,0,0,EMPTY
2026-09-09 05:15:00,5,Wednesday,0,0,23.88,45.42,432.7,11.7,0,37.0,225.2,0.25,55.8,STANDBY,0,0,0,0,0,EMPTY
2026-09-09 05:30:00,5,Wednesday,0,0,24.29,46.55,439.5,11.4,0,36.5,220.7,0.18,39.4,STANDBY,0,0,0,0,0,EMPTY
2026-09-09 05:45:00,5,Wednesday,0,0,23.47,48.55,396.4,15.2,0,32.9,221.8,0.17,37.1,STANDBY,0,0,0,0,0,EMPTY
2026-09-09 06:00:00,6,Wednesday,0,0,21.4,47.95,401.7,92.1,0,30.4,221.1,0.21,46.8,STANDBY,0,0,0,0,0,EMPTY
2026-09-09 06:15:00,6,Wednesday,0,0,24.1,48.95,419.3,158.3,0,31.1,225.5,0.17,39.3,STANDBY,0,0,0,0,0,EMPTY
2026-09-09 06:30:00,6,Wednesday,0,0,21.92,48.17,468.2,148.0,0,34.6,221.7,0.2,44.5,STANDBY,0,0,0,0,0,EMPTY
2026-09-09 06:45:00,6,Wednesday,0,0,22.2,,442.3,86.8,0,34.0,223.4,0.19,42.0,STANDBY,0,0,0,0,0,EMPTY
2026-09-09 07:00:00,7,Wednesday,0,0,21.88,55.02,450.9,146.4,0,32.6,219.9,0.2,43.4,STANDBY,0,0,0,0,0,EMPTY
2026-09-09 07:15:00,7,Wednesday,0,0,21.13,45.9,421.0,100.0,0,25.5,223.8,0.19,41.7,STANDBY,0,0,0,0,0,EMPTY
2026-09-09 07:30:00,7,Wednesday,0,0,24.28,44.06,,161.9,0,25.0,220.9,0.2,44.9,STANDBY,0,0,0,0,0,EMPTY
2026-09-09 07:45:00,7,Wednesday,0,0,22.94,48.53,413.5,132.2,0,29.1,218.2,0.18,40.0,STANDBY,0,0,0,0,0,EMPTY
2026-09-09 08:00:00,8,Wednesday,0,0,23.24,46.12,408.1,127.9,0,29.3,222.2,0.2,45.5,STANDBY,0,0,0,0,0,EMPTY
2026-09-09 08:15:00,8,Wednesday,0,0,25.51,53.95,1194.8,420.5,1,65.5,225.6,7.39,1668.0,NORMAL_USAGE,0,17,3,0,0,OCCUPIED
2026-09-09 08:30:00,8,Wednesday,0,0,24.62,51.2,382.6,137.0,0,27.6,219.3,0.2,44.6,STANDBY,1,0,0,0,0,EMPTY
2026-09-09 08:45:00,8,Wednesday,0,0,22.59,48.23,367.2,182.2,0,31.9,220.6,0.19,41.8,STANDBY,0,0,0,0,0,EMPTY
2026-09-09 09:00:00,9,Wednesday,0,1,,59.64,1468.9,503.2,0,75.3,222.9,17.84,3975.1,HIGH_USAGE,0,35,5,0,0,OCCUPIED
2026-09-09 09:15:00,9,Wednesday,0,1,25.7,61.74,1186.1,481.2,1,69.7,220.0,7.23,1591.2,NORMAL_USAGE,1,14,3,0,0,OCCUPIED
2026-09-09 09:30:00,9,Wednesday,0,0,21.53,49.54,412.8,124.2,0,36.9,220.5,0.22,47.6,STANDBY,1,0,0,0,0,EMPTY
2026-09-09 09:45:00,9,Wednesday,0,1,27.07,59.39,1430.1,467.0,1,76.5,217.6,21.08,4588.2,HIGH_USAGE,0,34,5,0,0,OCCUPIED
2026-09-09 10:00:00,10,Wednesday,0,1,26.91,56.25,1496.8,455.6,1,75.4,219.1,20.59,4510.0,HIGH_USAGE,1,37,3,0,0,OCCUPIED
2026-09-09 10:15:00,10,Wednesday,0,1,26.12,53.99,1288.7,441.4,0,75.7,221.7,16.94,3755.8,HIGH_USAGE,1,27,3,0,0,OCCUPIED
2026-09-09 10:30:00,10,Wednesday,0,0,28.3,56.76,1388.7,458.1,1,64.8,219.2,17.83,3907.3,HIGH_USAGE,1,26,5,0,0,OCCUPIED
2026-09-09 10:45:00,10,Wednesday,0,0,21.42,47.47,403.8,175.1,0,33.4,223.0,0.26,57.1,STANDBY,1,0,0,0,0,EMPTY
2026-09-09 11:00:00,11,Wednesday,0,1,26.65,53.44,1578.4,407.9,1,69.2,220.1,20.36,4481.4,HIGH_USAGE,0,35,3,0,0,OCCUPIED
2026-09-09 11:15:00,11,Wednesday,0,1,25.27,60.25,1250.0,485.3,1,69.1,222.1,9.84,2184.8,HIGH_USAGE,1,22,3,0,0,OCCUPIED
2026-09-09 11:30:00,11,Wednesday,0,1,27.74,67.07,1500.9,548.3,1,71.3,218.6,18.87,4126.2,HIGH_USAGE,1,32,5,0,0,OCCUPIED
2026-09-09 11:45:00,11,Wednesday,0,1,27.43,57.6,1104.6,503.2,1,59.2,219.0,13.69,2997.0,HIGH_USAGE,1,13,5,0,0,OCCUPIED
2026-09-09 12:00:00,12,Wednesday,0,1,29.37,56.21,1480.8,504.0,1,65.0,219.4,20.47,4489.9,HIGH_USAGE,1,34,5,0,0,OCCUPIED
2026-09-09 12:15:00,12,Wednesday,0,0,23.38,48.02,413.8,55.3,0,32.7,217.4,0.26,55.4,STANDBY,1,0,0,0,0,EMPTY
2026-09-09 12:30:00,12,Wednesday,0,1,27.09,56.59,1085.1,411.8,1,68.9,217.0,14.45,3135.1,HIGH_USAGE,0,19,5,0,0,OCCUPIED
2026-09-09 12:45:00,12,Wednesday,0,1,24.41,61.5,1055.8,438.1,1,65.9,220.6,6.54,1441.8,NORMAL_USAGE,1,16,2,0,0,OCCUPIED
2026-09-09 13:00:00,13,Wednesday,0,0,26.06,57.93,1467.4,501.4,1,72.7,220.4,19.1,4211.2,HIGH_USAGE,1,37,3,0,0,OCCUPIED
2026-09-09 13:15:00,13,Wednesday,0,1,27.8,59.98,1526.2,382.8,1,73.3,217.9,19.44,4234.8,HIGH_USAGE,1,31,5,0,0,OCCUPIED
2026-09-09 13:30:00,13,Wednesday,0,1,21.8,48.57,428.9,146.6,0,33.9,218.3,0.18,40.1,STANDBY,1,0,0,0,0,EMPTY
2026-09-09 13:45:00,13,Wednesday,0,1,28.19,60.29,1179.0,475.0,1,70.4,218.8,14.5,3171.8,HIGH_USAGE,0,17,5,0,0,OCCUPIED
2026-09-09 14:00:00,14,Wednesday,0,0,25.5,56.91,1443.5,435.7,0,76.4,223.1,10.61,2366.4,HIGH_USAGE,1,32,3,0,0,OCCUPIED
2026-09-09 14:15:00,14,Wednesday,0,1,21.09,51.51,392.2,172.8,0,33.1,216.8,0.19,40.8,STANDBY,1,0,0,0,0,EMPTY
2026-09-09 14:30:00,14,Wednesday,0,1,26.45,56.49,1110.0,465.5,1,72.6,216.0,14.93,3225.1,HIGH_USAGE,0,18,3,0,0,OCCUPIED
2026-09-09 14:45:00,14,Wednesday,0,1,25.46,64.62,1100.5,433.2,1,60.3,218.5,8.63,1887.0,HIGH_USAGE,1,17,3,0,0,OCCUPIED
2026-09-09 15:00:00,15,Wednesday,0,1,21.19,45.88,417.9,118.2,0,28.3,219.8,0.24,53.4,STANDBY,1,0,0,0,0,EMPTY
2026-09-09 15:15:00,15,Wednesday,0,0,22.69,43.76,410.3,130.9,0,38.8,217.1,3.11,675.1,WASTE_DETECTED,0,0,0,0,0,EMPTY
2026-09-09 15:30:00,15,Wednesday,0,1,26.56,61.39,1525.7,413.4,1,71.7,218.8,19.08,4176.0,HIGH_USAGE,0,33,3,0,0,OCCUPIED
2026-09-09 15:45:00,15,Wednesday,0,1,26.01,58.32,1216.3,464.0,0,63.5,223.1,16.93,3777.9,HIGH_USAGE,1,27,3,0,0,OCCUPIED
2026-09-09 16:00:00,16,Wednesday,0,1,26.21,62.79,1382.1,497.0,1,78.3,220.6,18.37,4052.5,HIGH_USAGE,1,31,3,0,0,OCCUPIED
2026-09-09 16:15:00,16,Wednesday,0,1,26.12,61.49,1479.1,492.5,1,76.2,220.3,19.19,4227.7,HIGH_USAGE,1,31,3,0,0,OCCUPIED
2026-09-09 16:30:00,16,Wednesday,0,1,27.6,61.09,1397.7,411.9,1,68.0,218.9,18.19,3981.6,HIGH_USAGE,1,33,5,0,0,OCCUPIED
2026-09-09 16:45:00,16,Wednesday,0,1,26.33,58.59,1402.3,456.2,1,77.5,222.4,16.83,3742.6,HIGH_USAGE,1,28,3,0,0,OCCUPIED
2026-09-09 17:00:00,17,Wednesday,0,0,25.3,60.26,1127.1,500.3,1,60.8,218.1,8.71,1900.4,HIGH_USAGE,1,18,3,0,0,OCCUPIED
2026-09-09 17:15:00,17,Wednesday,0,1,26.81,59.44,1130.9,473.8,0,55.2,221.0,14.9,3292.7,HIGH_USAGE,1,20,3,0,0,OCCUPIED
2026-09-09 17:30:00,17,Wednesday,0,1,27.1,57.54,1173.2,454.2,1,49.8,222.8,12.19,2716.2,HIGH_USAGE,1,12,5,0,0,OCCUPIED
2026-09-09 17:45:00,17,Wednesday,0,1,28.56,60.2,1457.6,461.9,1,83.3,221.9,19.54,4335.2,HIGH_USAGE,1,37,5,0,0,OCCUPIED
2026-09-09 18:00:00,18,Wednesday,0,0,21.67,55.3,365.1,99.3,0,31.2,221.9,0.27,59.2,STANDBY,1,0,0,0,0,EMPTY
2026-09-09 18:15:00,18,Wednesday,0,0,22.51,51.1,441.3,153.7,1,34.0,223.2,0.17,37.6,STANDBY,0,0,0,0,0,EMPTY
2026-09-09 18:30:00,18,Wednesday,0,0,21.3,42.79,415.6,162.8,0,31.5,219.4,0.18,39.4,STANDBY,0,0,0,0,0,EMPTY
2026-09-09 18:45:00,18,Wednesday,0,0,23.87,46.58,462.9,131.2,0,30.5,224.2,0.22,50.1,STANDBY,0,0,0,0,0,EMPTY
2026-09-09 19:00:00,19,Wednesday,0,0,25.55,57.11,1221.1,395.6,1,61.3,223.5,8.57,1915.9,HIGH_USAGE,0,19,3,0,0,OCCUPIED
2026-09-09 19:15:00,19,Wednesday,0,0,21.88,47.7,454.5,12.6,0,32.7,223.1,0.3,66.7,STANDBY,1,0,0,0,0,EMPTY
2026-09-09 19:30:00,19,Wednesday,0,0,20.38,46.74,466.3,16.3,0,31.8,217.4,0.19,42.0,STANDBY,0,0,0,0,0,EMPTY
2026-09-09 19:45:00,19,Wednesday,0,0,22.17,46.29,452.2,12.1,0,25.0,223.0,0.2,44.2,STANDBY,0,0,0,0,0,EMPTY
2026-09-09 20:00:00,20,Wednesday,0,0,28.26,50.2,1215.8,359.0,1,63.9,224.8,14.0,3146.9,HIGH_USAGE,0,18,5,0,0,OCCUPIED
2026-09-09 20:15:00,20,Wednesday,0,0,23.76,44.79,409.1,16.7,0,32.4,219.2,0.19,41.7,STANDBY,1,0,0,0,0,EMPTY
2026-09-09 20:30:00,20,Wednesday,0,0,20.79,53.26,448.4,2.5,0,33.8,220.5,0.18,38.8,STANDBY,0,0,0,0,0,EMPTY
2026-09-09 20:45:00,20,Wednesday,0,0,21.33,43.51,419.7,18.6,0,31.5,222.3,0.14,31.5,STANDBY,0,0,0,0,0,EMPTY
2026-09-09 21:00:00,21,Wednesday,0,0,23.73,48.63,449.8,13.3,0,31.1,216.7,0.24,52.7,STANDBY,0,0,0,0,0,EMPTY
2026-09-09 21:15:00,21,Wednesday,0,0,23.88,44.66,457.9,9.2,0,31.1,220.4,0.19,41.8,STANDBY,0,0,0,0,0,EMPTY
2026-09-09 21:30:00,21,Wednesday,0,0,24.44,45.69,404.6,20.7,1,33.5,214.5,0.22,46.5,STANDBY,0,0,0,0,0,EMPTY
2026-09-09 21:45:00,21,Wednesday,0,0,21.15,44.73,426.2,17.8,0,31.3,222.1,0.25,54.6,STANDBY,0,0,0,0,0,EMPTY
2026-09-09 22:00:00,22,Wednesday,0,0,23.46,52.99,385.0,13.4,0,38.9,221.0,0.23,51.9,STANDBY,0,0,0,0,0,EMPTY
2026-09-09 22:15:00,22,Wednesday,0,0,23.93,46.97,418.3,19.5,0,34.4,222.2,3.09,686.6,WASTE_DETECTED,0,0,0,0,0,EMPTY
2026-09-09 22:30:00,22,Wednesday,0,0,23.55,48.98,440.8,9.4,0,26.9,221.3,0.25,56.0,STANDBY,0,0,0,0,0,EMPTY
2026-09-09 22:45:00,22,Wednesday,0,0,23.59,55.04,419.1,8.0,1,32.6,219.7,0.25,55.2,STANDBY,0,0,0,0,0,EMPTY
2026-09-09 23:00:00,23,Wednesday,0,0,20.77,49.91,405.3,23.7,0,36.8,223.5,3.53,789.8,WASTE_DETECTED,0,0,0,0,0,EMPTY
2026-09-09 23:15:00,23,Wednesday,0,0,22.11,51.32,390.8,17.8,0,29.4,215.8,3.78,815.3,WASTE_DETECTED,0,0,0,0,0,EMPTY
2026-09-09 23:30:00,23,Wednesday,0,0,22.83,48.96,424.8,14.3,0,31.1,221.0,0.19,42.0,STANDBY,0,0,0,0,0,EMPTY
2026-09-09 23:45:00,23,Wednesday,0,0,20.24,43.29,427.3,11.8,0,31.3,216.1,0.17,36.4,STANDBY,0,0,0,0,0,EMPTY
2026-09-10 00:00:00,0,Thursday,0,0,24.96,45.92,442.1,14.5,0,32.4,222.2,0.19,42.8,STANDBY,0,0,0,0,0,EMPTY
2026-09-10 00:15:00,0,Thursday,0,0,22.05,46.03,435.5,21.3,1,33.6,219.4,0.21,46.3,STANDBY,0,0,0,0,0,EMPTY
2026-09-10 00:30:00,0,Thursday,0,0,22.42,46.63,434.5,20.1,0,28.4,219.1,3.48,761.2,WASTE_DETECTED,0,0,0,0,0,EMPTY
2026-09-10 00:45:00,0,Thursday,0,0,20.85,46.97,455.8,20.7,0,36.7,221.3,0.22,48.3,STANDBY,0,0,0,0,0,EMPTY
2026-09-10 01:00:00,1,Thursday,0,0,23.26,47.1,425.6,18.4,0,28.4,214.7,0.18,39.3,STANDBY,0,0,0,0,0,EMPTY
2026-09-10 01:15:00,1,Thursday,0,0,22.17,44.52,421.6,5.9,0,30.7,219.6,0.22,47.8,STANDBY,0,0,0,0,0,EMPTY
2026-09-10 01:30:00,1,Thursday,0,0,23.1,,391.2,17.0,0,29.6,217.8,0.13,28.9,STANDBY,0,0,0,0,0,EMPTY
2026-09-10 01:45:00,1,Thursday,0,0,22.9,48.25,423.6,18.4,0,31.9,220.3,0.21,45.3,STANDBY,0,0,0,0,0,EMPTY
2026-09-10 02:00:00,2,Thursday,0,0,22.82,46.05,453.6,19.4,0,33.1,221.3,0.15,34.1,STANDBY,0,0,0,0,0,EMPTY
2026-09-10 02:15:00,2,Thursday,0,0,23.63,50.12,407.8,14.9,0,28.3,216.1,0.26,57.1,STANDBY,0,0,0,0,0,EMPTY
2026-09-10 02:30:00,2,Thursday,0,0,22.42,47.14,438.0,17.2,0,29.9,218.8,0.18,39.1,STANDBY,0,0,0,0,0,EMPTY
2026-09-10 02:45:00,2,Thursday,0,0,20.1,47.55,378.4,11.7,0,34.0,222.0,0.2,43.7,STANDBY,0,0,0,0,0,EMPTY
2026-09-10 03:00:00,3,Thursday,0,0,23.07,51.82,378.6,16.4,1,30.7,222.6,0.17,38.2,STANDBY,0,0,0,0,0,EMPTY
2026-09-10 03:15:00,3,Thursday,0,0,22.1,47.17,431.6,8.9,0,32.2,223.9,0.2,43.8,STANDBY,0,0,0,0,0,EMPTY
2026-09-10 03:30:00,3,Thursday,0,0,22.91,47.61,430.7,14.7,0,37.2,217.7,0.2,42.9,STANDBY,0,0,0,0,0,EMPTY
2026-09-10 03:45:00,3,Thursday,0,0,22.87,44.83,433.3,18.1,0,28.8,218.9,3.24,709.0,WASTE_DETECTED,0,0,0,0,0,EMPTY
2026-09-10 04:00:00,4,Thursday,0,0,23.38,43.39,400.9,17.8,0,30.7,219.4,0.23,50.5,STANDBY,0,0,0,0,0,EMPTY
2026-09-10 04:15:00,4,Thursday,0,0,21.89,42.85,464.1,19.1,0,32.8,219.3,0.2,44.8,STANDBY,0,0,0,0,0,EMPTY
2026-09-10 04:30:00,4,Thursday,0,0,21.29,48.38,412.5,13.2,0,27.9,221.6,0.21,46.4,STANDBY,0,0,0,0,0,EMPTY
2026-09-10 04:45:00,4,Thursday,0,0,25.19,49.43,395.3,14.2,0,31.9,221.1,0.15,33.3,STANDBY,0,0,0,0,0,EMPTY
2026-09-10 05:00:00,5,Thursday,0,0,22.26,48.55,416.3,16.7,0,29.0,217.7,0.23,49.5,STANDBY,0,0,0,0,0,EMPTY
2026-09-10 05:15:00,5,Thursday,0,0,22.07,50.86,390.9,13.5,0,30.4,219.2,0.2,42.8,STANDBY,0,0,0,0,0,EMPTY
2026-09-10 05:30:00,5,Thursday,0,0,22.06,48.89,381.4,17.7,0,34.0,218.4,0.26,56.9,STANDBY,0,0,0,0,0,EMPTY
2026-09-10 05:45:00,5,Thursday,0,0,22.44,49.88,427.7,13.9,0,36.0,218.4,3.64,794.2,WASTE_DETECTED,0,0,0,0,0,EMPTY
2026-09-10 06:00:00,6,Thursday,0,0,21.69,46.16,461.7,173.4,0,31.3,219.6,0.19,41.4,STANDBY,0,0,0,0,0,EMPTY
2026-09-10 06:15:00,6,Thursday,0,0,22.62,51.5,419.5,175.6,0,26.6,218.0,0.24,51.7,STANDBY,0,0,0,0,0,EMPTY
2026-09-10 06:30:00,6,Thursday,0,0,22.26,50.94,391.1,130.7,0,31.5,213.7,0.25,54.2,STANDBY,0,0,0,0,0,EMPTY
2026-09-10 06:45:00,6,Thursday,0,0,21.62,47.42,377.5,143.3,0,32.4,220.7,0.27,59.9,STANDBY,0,0,0,0,0,EMPTY
2026-09-10 07:00:00,7,Thursday,0,0,22.85,45.96,446.8,119.6,0,30.7,219.9,0.2,43.1,STANDBY,0,0,0,0,0,EMPTY
2026-09-10 07:15:00,7,Thursday,0,0,22.49,48.65,439.4,130.3,0,33.2,220.6,0.15,33.0,STANDBY,0,0,0,0,0,EMPTY
2026-09-10 07:30:00,7,Thursday,0,0,23.01,44.61,442.4,117.5,0,31.4,215.6,3.38,729.9,WASTE_DETECTED,0,0,0,0,0,EMPTY
2026-09-10 07:45:00,7,Thursday,0,0,22.36,43.55,415.4,160.3,0,29.9,221.7,0.17,36.7,STANDBY,0,0,0,0,0,EMPTY
2026-09-10 08:00:00,8,Thursday,0,0,24.29,50.17,434.3,152.3,0,29.3,225.1,0.18,40.8,STANDBY,0,0,0,0,0,EMPTY
2026-09-10 08:15:00,8,Thursday,0,0,20.48,47.68,393.4,,0,36.6,215.8,3.29,709.2,WASTE_DETECTED,0,0,0,0,0,EMPTY
2026-09-10 08:30:00,8,Thursday,0,0,23.34,46.96,405.6,79.5,0,31.6,216.8,0.25,55.2,STANDBY,0,0,0,0,0,EMPTY
2026-09-10 08:45:00,8,Thursday,0,0,23.73,50.2,411.5,168.2,0,28.3,218.1,0.22,48.5,STANDBY,0,0,0,0,0,EMPTY
2026-09-10 09:00:00,9,Thursday,0,1,21.97,48.87,401.8,127.0,0,32.4,219.3,0.25,54.7,STANDBY,0,0,0,0,0,EMPTY
2026-09-10 09:15:00,9,Thursday,0,1,28.17,56.08,1311.4,455.5,1,64.8,219.1,16.3,3571.9,HIGH_USAGE,0,29,5,0,0,OCCUPIED
2026-09-10 09:30:00,9,Thursday,0,0,22.35,51.65,433.4,125.3,0,37.2,215.0,0.27,57.8,STANDBY,1,0,0,0,0,EMPTY
2026-09-10 09:45:00,9,Thursday,0,1,25.63,60.91,1593.6,456.7,1,72.3,220.4,14.87,3276.7,HIGH_USAGE,0,37,3,0,0,OCCUPIED
2026-09-10 10:00:00,10,Thursday,0,0,27.31,60.67,1558.5,477.8,1,74.0,217.7,21.0,4570.8,HIGH_USAGE,1,37,5,0,0,OCCUPIED
2026-09-10 10:15:00,10,Thursday,0,0,27.44,65.04,1474.6,456.4,1,80.8,218.8,20.52,4489.6,HIGH_USAGE,1,35,5,0,0,OCCUPIED
2026-09-10 10:30:00,10,Thursday,0,1,25.77,57.3,1278.0,456.2,1,74.7,219.6,11.7,2569.2,HIGH_USAGE,1,26,3,0,0,OCCUPIED
2026-09-10 10:45:00,10,Thursday,0,1,28.36,51.73,1294.8,446.9,1,65.3,216.7,15.03,3257.9,HIGH_USAGE,1,19,5,0,0,OCCUPIED
2026-09-10 11:00:00,11,Thursday,0,0,22.52,51.97,438.8,117.6,0,35.1,217.5,0.2,42.8,STANDBY,1,0,0,0,0,EMPTY
2026-09-10 11:15:00,11,Thursday,0,1,27.74,53.97,1354.5,423.0,1,64.5,221.6,17.98,3984.3,HIGH_USAGE,0,27,5,0,0,OCCUPIED
2026-09-10 11:30:00,11,Thursday,0,1,25.14,63.28,1256.1,485.2,1,62.7,220.8,10.93,2413.5,HIGH_USAGE,1,30,3,0,0,OCCUPIED
2026-09-10 11:45:00,11,Thursday,0,0,21.5,47.82,406.4,117.5,0,30.6,226.2,2.91,658.5,WASTE_DETECTED,1,0,0,0,0,EMPTY
2026-09-10 12:00:00,12,Thursday,0,1,25.37,54.75,1095.4,461.0,1,59.7,222.1,6.84,1519.9,NORMAL_USAGE,0,13,3,0,0,OCCUPIED
2026-09-10 12:15:00,12,Thursday,0,0,21.7,49.49,432.5,103.5,0,28.1,219.0,0.18,40.1,STANDBY,1,0,0,0,0,EMPTY
2026-09-10 12:30:00,12,Thursday,0,1,28.3,62.53,1481.9,419.5,1,73.9,220.2,17.63,3882.3,HIGH_USAGE,0,29,5,0,0,OCCUPIED
2026-09-10 12:45:00,12,Thursday,0,1,25.85,56.89,1019.8,487.4,1,57.8,220.6,5.91,1303.9,NORMAL_USAGE,1,12,3,0,0,OCCUPIED
2026-09-10 13:00:00,13,Thursday,0,1,27.08,55.63,1318.7,476.8,1,65.8,222.5,16.91,3762.7,HIGH_USAGE,1,29,5,0,0,OCCUPIED
2026-09-10 13:15:00,13,Thursday,0,1,26.79,60.8,,449.8,1,67.5,223.9,12.77,2858.8,HIGH_USAGE,1,12,3,0,0,OCCUPIED
2026-09-10 13:30:00,13,Thursday,0,1,23.36,48.91,395.9,151.1,0,28.9,222.6,0.29,65.3,STANDBY,1,0,0,0,0,EMPTY
2026-09-10 13:45:00,13,Thursday,0,1,27.56,57.31,1353.6,503.0,1,67.6,224.8,20.3,4563.2,HIGH_USAGE,0,34,5,0,0,OCCUPIED
2026-09-10 14:00:00,14,Thursday,0,1,27.94,58.38,,479.9,1,75.3,218.8,21.64,4735.6,HIGH_USAGE,1,37,5,0,0,OCCUPIED
2026-09-10 14:15:00,14,Thursday,0,0,19.43,52.0,443.3,68.7,0,34.1,221.5,0.2,43.6,STANDBY,1,0,0,0,0,EMPTY
2026-09-10 14:30:00,14,Thursday,0,1,27.61,61.97,1408.2,444.2,1,58.8,223.6,16.46,3679.6,HIGH_USAGE,0,29,5,0,0,OCCUPIED
2026-09-10 14:45:00,14,Thursday,0,1,25.88,58.67,1087.0,432.4,1,71.5,219.8,6.87,1509.5,NORMAL_USAGE,1,16,3,0,0,OCCUPIED
2026-09-10 15:00:00,15,Thursday,0,1,23.98,56.76,994.0,444.9,1,71.0,224.2,5.67,1272.3,NORMAL_USAGE,1,12,2,0,0,OCCUPIED
2026-09-10 15:15:00,15,Thursday,0,1,26.26,61.49,1429.8,488.4,1,67.7,220.8,19.98,4410.5,HIGH_USAGE,1,33,3,0,0,OCCUPIED
2026-09-10 15:30:00,15,Thursday,0,0,21.36,46.39,448.0,129.9,0,34.7,220.7,0.19,41.2,STANDBY,1,0,0,0,0,EMPTY
2026-09-10 15:45:00,15,Thursday,0,1,26.23,60.61,1326.2,522.2,1,77.3,218.5,20.19,4412.4,HIGH_USAGE,0,35,3,0,0,OCCUPIED
2026-09-10 16:00:00,16,Thursday,0,1,27.38,59.81,1081.8,478.3,1,67.8,218.8,16.17,3538.3,HIGH_USAGE,1,20,5,0,0,OCCUPIED
2026-09-10 16:15:00,16,Thursday,0,1,,54.72,1620.7,446.0,1,76.2,222.3,19.88,4420.3,HIGH_USAGE,1,35,3,0,0,OCCUPIED
2026-09-10 16:30:00,16,Thursday,0,1,25.53,58.28,1191.2,517.4,1,57.2,219.0,8.21,1798.9,NORMAL_USAGE,1,20,3,0,0,OCCUPIED
2026-09-10 16:45:00,16,Thursday,0,1,28.1,65.05,1531.2,465.2,1,74.9,219.2,17.82,3906.6,HIGH_USAGE,1,33,5,0,0,OCCUPIED
2026-09-10 17:00:00,17,Thursday,0,1,27.81,59.44,1230.1,457.9,1,66.8,215.8,15.67,3381.3,HIGH_USAGE,1,24,5,0,0,OCCUPIED
2026-09-10 17:15:00,17,Thursday,0,1,27.37,54.75,1558.3,470.5,1,82.5,220.7,20.63,4553.9,HIGH_USAGE,1,35,5,0,0,OCCUPIED
2026-09-10 17:30:00,17,Thursday,0,1,26.22,57.4,1299.0,474.5,0,74.2,213.6,17.36,3708.1,HIGH_USAGE,1,22,3,0,0,OCCUPIED
2026-09-10 17:45:00,17,Thursday,0,1,25.72,56.81,1108.3,449.8,1,66.1,224.2,7.07,1585.9,NORMAL_USAGE,1,17,3,0,0,OCCUPIED
2026-09-10 18:00:00,18,Thursday,0,0,22.32,43.1,402.4,127.2,1,31.6,219.7,0.22,48.1,STANDBY,1,0,0,0,0,EMPTY
2026-09-10 18:15:00,18,Thursday,0,0,21.81,47.69,391.9,94.0,0,32.1,223.3,0.23,50.8,STANDBY,0,0,0,0,0,EMPTY
2026-09-10 18:30:00,18,Thursday,0,0,23.36,47.14,442.4,114.9,0,30.8,219.6,0.19,41.5,STANDBY,0,0,0,0,0,EMPTY
2026-09-10 18:45:00,18,Thursday,0,0,42.0,56.88,2600.0,459.3,1,58.4,190.0,6.77,1286.7,NORMAL_USAGE,0,13,2,0,1,OCCUPIED
2026-09-10 19:00:00,19,Thursday,0,0,23.4,46.12,436.8,4.7,0,30.3,190.0,0.34,65.3,STANDBY,1,0,0,0,1,EMPTY
2026-09-10 19:15:00,19,Thursday,0,0,26.81,58.84,1400.9,355.9,1,72.9,220.6,19.66,4337.2,HIGH_USAGE,0,33,3,0,0,OCCUPIED
2026-09-10 19:30:00,19,Thursday,0,0,25.09,46.86,432.9,13.1,1,29.0,221.0,0.18,40.5,STANDBY,1,0,0,0,0,EMPTY
2026-09-10 19:45:00,19,Thursday,0,0,22.09,52.4,392.9,8.0,0,29.5,217.0,0.18,39.5,STANDBY,0,0,0,0,0,EMPTY
2026-09-10 20:00:00,20,Thursday,0,0,23.55,47.06,440.0,21.3,0,25.8,217.6,0.25,54.1,STANDBY,0,0,0,0,0,EMPTY
2026-09-10 20:15:00,20,Thursday,0,0,24.02,48.57,365.1,13.1,0,31.9,226.0,0.21,46.7,STANDBY,0,0,0,0,0,EMPTY
2026-09-10 20:30:00,20,Thursday,0,0,21.9,42.38,435.9,12.7,0,32.4,222.6,0.22,48.3,STANDBY,0,0,0,0,0,EMPTY
2026-09-10 20:45:00,20,Thursday,0,0,23.57,44.32,424.6,11.6,0,30.1,220.0,0.21,47.1,STANDBY,0,0,0,0,0,EMPTY
2026-09-10 21:00:00,21,Thursday,0,0,22.14,45.92,417.6,14.7,0,38.0,218.5,0.15,33.7,STANDBY,0,0,0,0,0,EMPTY
2026-09-10 21:15:00,21,Thursday,0,0,42.0,47.35,2600.0,13.5,0,31.3,190.0,0.22,42.6,STANDBY,0,0,0,0,1,EMPTY
2026-09-10 21:30:00,21,Thursday,0,0,22.24,48.08,416.0,15.4,0,34.1,223.8,0.21,46.5,STANDBY,0,0,0,0,0,EMPTY
2026-09-10 21:45:00,21,Thursday,0,0,24.24,46.53,481.5,15.9,0,36.0,223.2,0.19,42.8,STANDBY,0,0,0,0,0,EMPTY
2026-09-10 22:00:00,22,Thursday,0,0,23.96,52.36,394.9,11.7,0,27.2,224.0,0.16,36.8,STANDBY,0,0,0,0,0,EMPTY
2026-09-10 22:15:00,22,Thursday,0,0,25.11,51.9,1155.7,373.2,1,70.8,219.9,7.68,1688.8,NORMAL_USAGE,0,15,3,0,0,OCCUPIED
2026-09-10 22:30:00,22,Thursday,0,0,21.29,44.68,403.9,10.0,1,37.7,215.5,0.18,38.5,STANDBY,1,0,0,0,0,EMPTY
2026-09-10 22:45:00,22,Thursday,0,0,22.47,47.62,364.6,19.5,0,30.0,218.5,0.2,44.3,STANDBY,0,0,0,0,0,EMPTY
2026-09-10 23:00:00,23,Thursday,0,0,24.07,49.64,445.2,,0,32.6,218.0,0.27,58.4,STANDBY,0,0,0,0,0,EMPTY
2026-09-10 23:15:00,23,Thursday,0,0,28.61,59.75,1386.6,392.6,1,78.3,222.3,17.85,3967.6,HIGH_USAGE,0,35,5,0,0,OCCUPIED
2026-09-10 23:30:00,23,Thursday,0,0,22.73,49.72,383.5,18.3,0,33.2,219.5,0.26,57.2,STANDBY,1,0,0,0,0,EMPTY
2026-09-10 23:45:00,23,Thursday,0,0,21.95,51.14,428.4,18.9,0,28.8,216.5,0.19,41.0,STANDBY,0,0,0,0,0,EMPTY
2026-09-11 00:00:00,0,Friday,0,0,22.14,50.8,423.7,15.3,0,29.4,226.9,0.2,45.2,STANDBY,0,0,0,0,0,EMPTY
2026-09-11 00:15:00,0,Friday,0,0,22.98,48.5,459.7,19.2,0,31.1,217.2,0.22,47.9,STANDBY,0,0,0,0,0,EMPTY
2026-09-11 00:30:00,0,Friday,0,0,24.51,43.31,424.8,12.0,0,33.0,220.9,3.32,733.9,WASTE_DETECTED,0,0,0,0,0,EMPTY
2026-09-11 00:45:00,0,Friday,0,0,21.79,51.74,396.1,14.7,0,32.5,222.3,0.22,48.0,STANDBY,0,0,0,0,0,EMPTY
2026-09-11 01:00:00,1,Friday,0,0,20.93,48.47,440.6,19.9,0,33.5,221.5,0.2,44.8,STANDBY,0,0,0,0,0,EMPTY
2026-09-11 01:15:00,1,Friday,0,0,22.34,48.62,448.0,15.6,0,33.2,220.7,0.2,45.0,STANDBY,0,0,0,0,0,EMPTY
2026-09-11 01:30:00,1,Friday,0,0,21.95,47.47,399.8,7.3,0,33.2,218.6,0.18,38.3,STANDBY,0,0,0,0,0,EMPTY
2026-09-11 01:45:00,1,Friday,0,0,25.82,55.89,1338.6,371.4,1,81.0,221.0,11.76,2598.8,HIGH_USAGE,0,33,3,0,0,OCCUPIED
2026-09-11 02:00:00,2,Friday,0,0,22.38,52.25,403.6,13.9,0,34.5,219.9,0.2,44.0,STANDBY,1,0,0,0,0,EMPTY
2026-09-11 02:15:00,2,Friday,0,0,20.38,50.45,,24.5,0,35.7,219.4,0.21,46.2,STANDBY,0,0,0,0,0,EMPTY
2026-09-11 02:30:00,2,Friday,0,0,22.62,44.63,465.5,9.5,0,33.5,220.4,0.22,47.7,STANDBY,0,0,0,0,0,EMPTY
2026-09-11 02:45:00,2,Friday,0,0,20.81,45.68,401.2,10.2,0,31.5,222.1,3.0,666.8,WASTE_DETECTED,0,0,0,0,0,EMPTY
2026-09-11 03:00:00,3,Friday,0,0,23.13,45.79,412.5,9.3,0,32.8,215.3,3.69,794.2,WASTE_DETECTED,0,0,0,0,0,EMPTY
2026-09-11 03:15:00,3,Friday,0,0,23.82,52.66,423.1,7.7,0,35.5,219.3,0.24,52.2,STANDBY,0,0,0,0,0,EMPTY
2026-09-11 03:30:00,3,Friday,0,0,19.46,50.91,439.5,7.9,0,26.3,222.4,0.18,39.4,STANDBY,0,0,0,0,0,EMPTY
2026-09-11 03:45:00,3,Friday,0,0,23.34,48.87,436.6,17.7,0,35.3,219.1,0.19,42.7,STANDBY,0,0,0,0,0,EMPTY
2026-09-11 04:00:00,4,Friday,0,0,21.23,48.48,409.8,10.6,0,41.1,219.1,0.24,53.6,STANDBY,0,0,0,0,0,EMPTY
2026-09-11 04:15:00,4,Friday,0,0,21.11,50.17,468.7,2.7,0,33.1,215.5,0.2,43.1,STANDBY,0,0,0,0,0,EMPTY
2026-09-11 04:30:00,4,Friday,0,0,23.85,55.41,434.0,9.7,0,31.9,217.6,0.2,42.7,STANDBY,0,0,0,0,0,EMPTY
2026-09-11 04:45:00,4,Friday,0,0,23.57,51.08,430.6,15.1,0,30.4,221.0,0.22,47.6,STANDBY,0,0,0,0,0,EMPTY
2026-09-11 05:00:00,5,Friday,0,0,24.45,55.41,405.4,12.4,0,33.9,217.1,0.17,37.1,STANDBY,0,0,0,0,0,EMPTY
2026-09-11 05:15:00,5,Friday,0,0,21.91,50.33,410.7,17.7,0,30.9,221.9,3.84,852.2,WASTE_DETECTED,0,0,0,0,0,EMPTY
2026-09-11 05:30:00,5,Friday,0,0,23.81,48.56,426.4,15.9,0,28.7,220.1,2.96,650.9,WASTE_DETECTED,0,0,0,0,0,EMPTY
2026-09-11 05:45:00,5,Friday,0,0,22.38,48.32,359.3,7.4,0,36.0,222.5,0.2,44.3,STANDBY,0,0,0,0,0,EMPTY
2026-09-11 06:00:00,6,Friday,0,0,21.8,47.49,407.9,83.2,0,31.0,216.6,0.18,39.4,STANDBY,0,0,0,0,0,EMPTY
2026-09-11 06:15:00,6,Friday,0,0,24.67,49.66,397.0,108.4,0,34.1,222.5,0.18,40.9,STANDBY,0,0,0,0,0,EMPTY
2026-09-11 06:30:00,6,Friday,0,0,23.47,46.07,436.8,118.8,0,29.3,217.9,0.14,31.6,STANDBY,0,0,0,0,0,EMPTY
2026-09-11 06:45:00,6,Friday,0,0,21.13,49.19,402.8,180.9,0,32.1,217.3,0.21,45.4,STANDBY,0,0,0,0,0,EMPTY
2026-09-11 07:00:00,7,Friday,0,0,22.53,48.36,421.8,145.5,0,30.0,220.9,0.26,57.2,STANDBY,0,0,0,0,0,EMPTY
2026-09-11 07:15:00,7,Friday,0,0,23.04,49.29,404.0,142.3,0,31.2,223.0,0.23,51.8,STANDBY,0,0,0,0,0,EMPTY
2026-09-11 07:30:00,7,Friday,0,0,23.77,41.15,396.9,171.4,0,35.7,218.8,0.17,38.0,STANDBY,0,0,0,0,0,EMPTY
2026-09-11 07:45:00,7,Friday,0,0,21.85,46.34,446.1,145.0,0,30.5,220.8,0.26,56.6,STANDBY,0,0,0,0,0,EMPTY
2026-09-11 08:00:00,8,Friday,0,0,21.42,46.1,459.1,181.9,0,29.3,220.0,0.22,48.4,STANDBY,0,0,0,0,0,EMPTY
2026-09-11 08:15:00,8,Friday,0,0,21.58,43.63,401.2,72.8,0,33.8,222.1,0.18,39.7,STANDBY,0,0,0,0,0,EMPTY
2026-09-11 08:30:00,8,Friday,0,0,22.29,45.5,461.2,128.1,0,34.3,220.0,0.21,46.5,STANDBY,0,0,0,0,0,EMPTY
2026-09-11 08:45:00,8,Friday,0,0,25.91,60.22,1411.2,485.9,1,64.5,219.8,11.04,2427.5,HIGH_USAGE,0,31,3,0,0,OCCUPIED
2026-09-11 09:00:00,9,Friday,0,0,20.3,51.05,390.2,74.6,0,31.3,219.0,0.16,34.9,STANDBY,1,0,0,0,0,EMPTY
2026-09-11 09:15:00,9,Friday,0,1,29.22,52.56,1319.7,516.7,1,67.1,216.7,15.91,3449.4,HIGH_USAGE,0,20,5,0,0,OCCUPIED
2026-09-11 09:30:00,9,Friday,0,1,26.8,50.53,1375.2,480.0,1,63.0,222.9,17.12,3815.1,HIGH_USAGE,1,28,3,0,0,OCCUPIED
2026-09-11 09:45:00,9,Friday,0,1,26.78,60.6,1316.3,495.2,1,61.7,220.0,17.05,3751.7,HIGH_USAGE,1,25,3,0,0,OCCUPIED
2026-09-11 10:00:00,10,Friday,0,1,25.87,58.85,1191.7,456.0,1,56.5,225.3,9.11,2053.5,HIGH_USAGE,1,20,3,0,0,OCCUPIED
2026-09-11 10:15:00,10,Friday,0,1,25.73,54.95,1445.3,474.9,1,68.2,221.4,10.26,2270.3,HIGH_USAGE,1,29,3,0,0,OCCUPIED
2026-09-11 10:30:00,10,Friday,0,1,26.51,57.85,1228.7,507.9,1,64.1,220.4,14.6,3216.4,HIGH_USAGE,1,19,3,0,0,OCCUPIED
2026-09-11 10:45:00,10,Friday,0,1,26.63,,1194.5,445.3,1,71.2,220.7,16.6,3663.2,HIGH_USAGE,1,25,3,0,0,OCCUPIED
2026-09-11 11:00:00,11,Friday,0,0,22.71,50.78,404.7,122.4,0,36.3,222.6,0.22,50.0,STANDBY,1,0,0,0,0,EMPTY
2026-09-11 11:15:00,11,Friday,0,0,24.64,,1070.1,527.4,1,69.0,218.8,7.27,1590.3,NORMAL_USAGE,0,13,2,0,0,OCCUPIED
2026-09-11 11:30:00,11,Friday,0,0,24.2,48.06,439.1,63.8,0,33.5,222.5,3.22,716.5,WASTE_DETECTED,1,0,0,0,0,EMPTY
2026-09-11 11:45:00,11,Friday,0,1,22.56,43.94,400.8,144.0,0,33.6,218.9,3.35,734.3,WASTE_DETECTED,0,0,0,0,0,EMPTY
2026-09-11 12:00:00,12,Friday,0,1,26.59,61.42,1344.3,476.0,1,67.8,216.8,16.62,3604.0,HIGH_USAGE,0,25,3,0,0,OCCUPIED
2026-09-11 12:15:00,12,Friday,0,1,28.42,60.74,1363.9,475.6,1,66.1,216.0,19.55,4224.0,HIGH_USAGE,1,32,5,0,0,OCCUPIED
2026-09-11 12:30:00,12,Friday,0,1,25.35,61.59,1383.1,539.5,1,69.4,221.1,12.74,2816.3,HIGH_USAGE,1,34,3,0,0,OCCUPIED
2026-09-11 12:45:00,12,Friday,0,1,25.51,59.34,1210.7,464.8,1,64.3,223.6,8.21,1836.7,HIGH_USAGE,1,19,3,0,0,OCCUPIED
2026-09-11 13:00:00,13,Friday,0,1,28.02,64.08,1377.0,393.3,1,66.3,220.3,19.12,4212.5,HIGH_USAGE,1,32,5,0,0,OCCUPIED
2026-09-11 13:15:00,13,Friday,0,1,26.17,63.2,1442.4,415.0,1,70.6,222.2,20.55,4567.2,HIGH_USAGE,1,35,3,0,0,OCCUPIED
2026-09-11 13:30:00,13,Friday,0,1,26.29,58.98,1373.8,469.2,1,68.4,218.9,19.87,4347.7,HIGH_USAGE,1,33,3,0,0,OCCUPIED
2026-09-11 13:45:00,13,Friday,0,1,26.39,57.1,1471.6,424.3,1,62.6,214.9,17.81,3825.8,HIGH_USAGE,1,28,3,0,0,OCCUPIED
2026-09-11 14:00:00,14,Friday,0,1,25.38,57.11,1135.5,495.3,1,64.9,219.6,6.96,1527.7,NORMAL_USAGE,1,14,3,0,0,OCCUPIED
2026-09-11 14:15:00,14,Friday,0,1,28.46,58.7,1604.4,450.8,1,77.8,220.2,19.99,4401.5,HIGH_USAGE,1,37,5,0,0,OCCUPIED
2026-09-11 14:30:00,14,Friday,0,1,28.14,59.95,1588.0,454.1,1,73.7,217.2,22.11,4801.8,HIGH_USAGE,1,37,5,0,0,OCCUPIED
2026-09-11 14:45:00,14,Friday,0,1,27.23,57.58,1432.1,537.2,1,75.2,218.3,19.98,4361.1,HIGH_USAGE,1,32,5,0,0,OCCUPIED
2026-09-11 15:00:00,15,Friday,0,1,27.13,60.16,1394.5,405.2,1,76.3,222.6,20.19,4493.7,HIGH_USAGE,1,34,5,0,0,OCCUPIED
2026-09-11 15:15:00,15,Friday,0,1,26.42,61.03,1595.7,460.3,1,68.5,221.6,18.48,4095.8,HIGH_USAGE,1,36,3,0,0,OCCUPIED
2026-09-11 15:30:00,15,Friday,0,1,27.51,55.25,1447.4,457.2,1,66.5,222.0,18.51,4109.3,HIGH_USAGE,1,36,5,0,0,OCCUPIED
2026-09-11 15:45:00,15,Friday,0,1,21.51,44.72,378.4,131.1,0,33.6,219.2,0.24,53.6,STANDBY,1,0,0,0,0,EMPTY
2026-09-11 16:00:00,16,Friday,0,1,27.19,53.13,1199.1,510.0,1,57.0,226.6,12.87,2917.0,HIGH_USAGE,0,15,5,0,0,OCCUPIED
2026-09-11 16:15:00,16,Friday,0,1,26.22,55.86,1290.7,492.5,1,61.9,219.9,15.95,3508.4,HIGH_USAGE,1,26,3,0,0,OCCUPIED
2026-09-11 16:30:00,16,Friday,0,1,27.95,65.55,1243.5,475.7,1,69.7,221.3,16.63,3681.2,HIGH_USAGE,1,26,5,0,0,OCCUPIED
2026-09-11 16:45:00,16,Friday,0,1,27.41,58.46,1331.1,478.6,1,75.9,219.4,15.45,3391.3,HIGH_USAGE,1,25,5,0,0,OCCUPIED
2026-09-11 17:00:00,17,Friday,0,1,25.08,59.49,1242.0,504.3,1,70.2,220.2,9.36,2061.7,HIGH_USAGE,1,21,3,0,0,OCCUPIED
2026-09-11 17:15:00,17,Friday,0,1,27.04,59.53,1597.0,500.2,1,70.8,222.1,18.57,4124.2,HIGH_USAGE,1,32,5,0,0,OCCUPIED
2026-09-11 17:30:00,17,Friday,0,1,24.96,56.56,1157.5,510.3,1,54.3,220.3,7.24,1595.1,NORMAL_USAGE,1,14,2,0,0,OCCUPIED
2026-09-11 17:45:00,17,Friday,0,1,27.95,54.95,1245.0,387.2,1,60.7,220.2,17.5,3853.0,HIGH_USAGE,1,27,5,0,0,OCCUPIED
2026-09-11 18:00:00,18,Friday,0,0,25.89,61.08,1311.1,433.8,1,53.5,216.1,10.52,2273.2,HIGH_USAGE,1,24,3,0,0,OCCUPIED
2026-09-11 18:15:00,18,Friday,0,0,27.4,61.03,1437.6,507.0,1,64.9,218.0,17.54,3823.8,HIGH_USAGE,1,31,5,0,0,OCCUPIED
2026-09-11 18:30:00,18,Friday,0,0,22.85,47.39,422.1,124.5,0,38.6,224.1,0.18,41.2,STANDBY,1,0,0,0,0,EMPTY
2026-09-11 18:45:00,18,Friday,0,0,21.13,45.85,391.1,126.8,0,33.4,217.0,0.16,34.7,STANDBY,0,0,0,0,0,EMPTY
2026-09-11 19:00:00,19,Friday,0,0,20.91,47.67,451.8,15.7,0,36.3,219.1,0.2,42.8,STANDBY,0,0,0,0,0,EMPTY
2026-09-11 19:15:00,19,Friday,0,0,23.17,46.6,418.1,18.8,0,29.6,218.1,0.22,48.1,STANDBY,0,0,0,0,0,EMPTY
2026-09-11 19:30:00,19,Friday,0,0,22.91,40.76,415.9,17.3,0,34.6,218.3,3.75,818.1,WASTE_DETECTED,0,0,0,0,0,EMPTY
2026-09-11 19:45:00,19,Friday,0,0,21.55,50.21,425.0,13.7,0,33.0,221.4,0.24,52.1,STANDBY,0,0,0,0,0,EMPTY
2026-09-11 20:00:00,20,Friday,0,0,21.04,46.54,412.6,9.5,0,30.2,224.5,0.23,52.4,STANDBY,0,0,0,0,0,EMPTY
2026-09-11 20:15:00,20,Friday,0,0,20.73,49.7,415.1,13.2,0,28.5,218.3,0.13,28.6,STANDBY,0,0,0,0,0,EMPTY
2026-09-11 20:30:00,20,Friday,0,0,22.28,48.05,423.1,16.2,0,37.4,216.2,0.19,42.1,STANDBY,0,0,0,0,0,EMPTY
2026-09-11 20:45:00,20,Friday,0,0,23.28,47.43,408.7,13.8,0,37.3,217.5,0.18,38.9,STANDBY,0,0,0,0,0,EMPTY
2026-09-11 21:00:00,21,Friday,0,0,23.4,46.17,422.3,20.4,0,33.4,220.0,0.23,50.4,STANDBY,0,0,0,0,0,EMPTY
2026-09-11 21:15:00,21,Friday,0,0,22.35,48.67,480.7,12.0,0,27.2,220.5,0.15,32.4,STANDBY,0,0,0,0,0,EMPTY
2026-09-11 21:30:00,21,Friday,0,0,20.39,43.01,429.6,7.5,0,35.4,219.4,0.15,31.9,STANDBY,0,0,0,0,0,EMPTY
2026-09-11 21:45:00,21,Friday,0,0,22.22,48.99,372.5,19.1,0,31.1,219.3,0.27,59.0,STANDBY,0,0,0,0,0,EMPTY
2026-09-11 22:00:00,22,Friday,0,0,21.79,44.28,435.8,13.0,0,29.8,217.8,0.21,45.3,STANDBY,0,0,0,0,0,EMPTY
2026-09-11 22:15:00,22,Friday,0,0,20.74,46.86,451.1,18.0,0,25.6,226.3,0.2,44.5,STANDBY,0,0,0,0,0,EMPTY
2026-09-11 22:30:00,22,Friday,0,0,22.48,45.28,432.6,17.3,0,37.3,218.2,0.23,50.1,STANDBY,0,0,0,0,0,EMPTY
2026-09-11 22:45:00,22,Friday,0,0,23.43,47.57,401.0,14.4,1,29.7,219.7,0.24,53.3,STANDBY,0,0,0,0,0,EMPTY
2026-09-11 23:00:00,23,Friday,0,0,21.27,44.77,411.1,18.6,0,27.8,220.4,0.24,52.8,STANDBY,0,0,0,0,0,EMPTY
2026-09-11 23:15:00,23,Friday,0,0,22.13,47.86,427.6,14.9,0,30.6,217.5,0.19,40.8,STANDBY,0,0,0,0,0,EMPTY
2026-09-11 23:30:00,23,Friday,0,0,24.0,49.37,451.4,18.2,0,38.7,222.3,0.26,57.5,STANDBY,0,0,0,0,0,EMPTY
2026-09-11 23:45:00,23,Friday,0,0,24.29,50.31,440.1,16.5,0,38.0,225.2,0.28,62.7,STANDBY,0,0,0,0,0,EMPTY
2026-09-12 00:00:00,0,Saturday,1,0,25.92,59.51,1562.6,438.3,1,79.6,218.9,15.07,3298.9,HIGH_USAGE,0,37,3,0,0,OCCUPIED
2026-09-12 00:15:00,0,Saturday,1,0,22.36,50.95,443.7,16.9,0,25.8,223.7,0.2,43.7,STANDBY,1,0,0,0,0,EMPTY
2026-09-12 00:30:00,0,Saturday,1,0,24.25,49.29,418.8,9.6,0,32.2,220.5,0.2,44.2,STANDBY,0,0,0,0,0,EMPTY
2026-09-12 00:45:00,0,Saturday,1,0,18.35,47.76,441.9,15.7,1,35.0,219.0,0.17,37.3,STANDBY,0,0,0,0,0,EMPTY
2026-09-12 01:00:00,1,Saturday,1,0,22.23,48.85,415.3,7.9,0,36.0,219.4,0.18,40.5,STANDBY,0,0,0,0,0,EMPTY
2026-09-12 01:15:00,1,Saturday,1,0,21.75,44.61,432.8,16.2,0,30.4,219.1,0.2,44.2,STANDBY,0,0,0,0,0,EMPTY
2026-09-12 01:30:00,1,Saturday,1,0,21.75,45.88,425.8,16.3,0,33.0,221.7,0.17,38.1,STANDBY,0,0,0,0,0,EMPTY
2026-09-12 01:45:00,1,Saturday,1,0,20.32,50.37,405.1,12.7,0,29.9,218.3,0.22,48.7,STANDBY,0,0,0,0,0,EMPTY
2026-09-12 02:00:00,2,Saturday,1,0,28.39,62.53,1477.2,310.1,1,71.9,218.0,20.93,4562.2,HIGH_USAGE,0,35,5,0,0,OCCUPIED
2026-09-12 02:15:00,2,Saturday,1,0,21.47,44.89,436.5,13.0,0,29.1,220.7,0.26,56.8,STANDBY,1,0,0,0,0,EMPTY
2026-09-12 02:30:00,2,Saturday,1,0,22.85,43.0,447.3,22.3,0,29.2,215.6,0.19,40.2,STANDBY,0,0,0,0,0,EMPTY
2026-09-12 02:45:00,2,Saturday,1,0,21.95,50.54,391.7,14.1,0,24.7,219.1,0.21,46.2,STANDBY,0,0,0,0,0,EMPTY
2026-09-12 03:00:00,3,Saturday,1,0,22.64,56.35,391.4,19.0,1,35.3,219.6,0.17,37.2,STANDBY,0,0,0,0,0,EMPTY
2026-09-12 03:15:00,3,Saturday,1,0,22.76,47.26,424.6,13.1,0,31.9,218.3,0.16,34.5,STANDBY,0,0,0,0,0,EMPTY
2026-09-12 03:30:00,3,Saturday,1,0,23.37,45.56,434.5,9.1,0,29.3,219.3,0.2,44.1,STANDBY,0,0,0,0,0,EMPTY
2026-09-12 03:45:00,3,Saturday,1,0,21.42,45.08,423.9,9.7,0,27.3,221.7,0.19,42.9,STANDBY,0,0,0,0,0,EMPTY
2026-09-12 04:00:00,4,Saturday,1,0,22.04,51.43,380.0,19.7,0,34.8,218.0,0.15,33.8,STANDBY,0,0,0,0,0,EMPTY
2026-09-12 04:15:00,4,Saturday,1,0,21.97,53.46,424.3,25.1,0,37.4,221.6,0.3,67.0,STANDBY,0,0,0,0,0,EMPTY
2026-09-12 04:30:00,4,Saturday,1,0,21.32,45.74,421.6,20.9,0,37.0,218.1,0.2,42.6,STANDBY,0,0,0,0,0,EMPTY
2026-09-12 04:45:00,4,Saturday,1,0,23.31,45.03,418.0,18.8,0,32.1,221.1,0.19,41.9,STANDBY,0,0,0,0,0,EMPTY
2026-09-12 05:00:00,5,Saturday,1,0,23.06,51.8,416.3,19.0,0,31.3,220.8,0.2,44.1,STANDBY,0,0,0,0,0,EMPTY
2026-09-12 05:15:00,5,Saturday,1,0,22.73,48.99,424.9,9.1,0,30.8,216.6,0.16,33.7,STANDBY,0,0,0,0,0,EMPTY
2026-09-12 05:30:00,5,Saturday,1,0,23.86,51.66,448.4,11.0,0,38.4,224.1,0.16,35.8,STANDBY,0,0,0,0,0,EMPTY
2026-09-12 05:45:00,5,Saturday,1,0,24.74,49.47,398.9,19.5,0,31.3,218.9,0.22,48.8,STANDBY,0,0,0,0,0,EMPTY
2026-09-12 06:00:00,6,Saturday,1,0,21.77,48.15,414.9,104.5,0,32.2,219.4,0.22,49.0,STANDBY,0,0,0,0,0,EMPTY
2026-09-12 06:15:00,6,Saturday,1,0,23.56,51.25,436.1,94.5,0,34.6,219.8,0.19,42.6,STANDBY,0,0,0,0,0,EMPTY
2026-09-12 06:30:00,6,Saturday,1,0,21.05,46.57,428.6,229.7,0,33.8,216.9,0.2,43.9,STANDBY,0,0,0,0,0,EMPTY
2026-09-12 06:45:00,6,Saturday,1,0,23.74,48.8,375.9,45.3,0,29.6,223.6,0.14,32.2,STANDBY,0,0,0,0,0,EMPTY
2026-09-12 07:00:00,7,Saturday,1,0,20.15,43.91,434.1,205.3,0,35.4,219.5,0.21,46.5,STANDBY,0,0,0,0,0,EMPTY
2026-09-12 07:15:00,7,Saturday,1,0,21.41,46.29,422.9,64.8,0,34.8,220.7,0.19,42.3,STANDBY,0,0,0,0,0,EMPTY
2026-09-12 07:30:00,7,Saturday,1,0,21.12,52.57,389.5,72.1,0,35.0,220.9,0.17,37.0,STANDBY,0,0,0,0,0,EMPTY
2026-09-12 07:45:00,7,Saturday,1,0,20.23,49.6,461.0,118.4,0,33.6,219.8,0.17,36.4,STANDBY,0,0,0,0,0,EMPTY
2026-09-12 08:00:00,8,Saturday,1,0,22.88,51.82,411.7,89.0,0,33.4,216.6,0.24,52.3,STANDBY,0,0,0,0,0,EMPTY
2026-09-12 08:15:00,8,Saturday,1,0,22.31,48.27,415.5,74.5,0,29.2,222.4,0.2,44.0,STANDBY,0,0,0,0,0,EMPTY
2026-09-12 08:30:00,8,Saturday,1,0,20.51,47.9,412.9,67.3,1,23.3,220.4,0.14,30.4,STANDBY,0,0,0,0,0,EMPTY
2026-09-12 08:45:00,8,Saturday,1,0,21.7,46.6,410.5,131.6,0,28.9,227.9,0.22,49.4,STANDBY,0,0,0,0,0,EMPTY
2026-09-12 09:00:00,9,Saturday,1,0,23.05,46.73,419.2,110.6,0,36.6,218.8,0.24,52.2,STANDBY,0,0,0,0,0,EMPTY
2026-09-12 09:15:00,9,Saturday,1,0,24.38,45.1,450.1,109.5,0,35.1,217.8,3.64,792.5,WASTE_DETECTED,0,0,0,0,0,EMPTY
2026-09-12 09:30:00,9,Saturday,1,0,21.13,47.89,421.7,124.7,0,30.9,221.7,0.23,51.1,STANDBY,0,0,0,0,0,EMPTY
2026-09-12 09:45:00,9,Saturday,1,0,21.88,48.78,412.1,163.6,0,22.5,218.7,0.26,57.4,STANDBY,0,0,0,0,0,EMPTY
2026-09-12 10:00:00,10,Saturday,1,0,21.0,45.39,402.8,88.3,1,30.8,220.2,0.16,36.0,STANDBY,0,0,0,0,0,EMPTY
2026-09-12 10:15:00,10,Saturday,1,0,23.55,49.02,451.1,177.2,0,25.4,221.9,0.23,51.8,STANDBY,0,0,0,0,0,EMPTY
2026-09-12 10:30:00,10,Saturday,1,0,21.65,44.66,450.8,129.2,0,26.6,222.6,0.2,44.3,STANDBY,0,0,0,0,0,EMPTY
2026-09-12 10:45:00,10,Saturday,1,0,24.76,46.1,414.4,121.9,0,30.9,222.9,0.15,34.5,STANDBY,0,0,0,0,0,EMPTY
2026-09-12 11:00:00,11,Saturday,1,0,21.73,50.36,442.8,101.5,0,24.6,220.8,0.27,59.1,STANDBY,0,0,0,0,0,EMPTY
2026-09-12 11:15:00,11,Saturday,1,0,22.4,47.0,367.5,142.4,0,30.0,227.9,0.22,49.3,STANDBY,0,0,0,0,0,EMPTY
2026-09-12 11:30:00,11,Saturday,1,0,23.07,41.63,460.1,139.4,0,33.5,221.3,3.62,801.2,WASTE_DETECTED,0,0,0,0,0,EMPTY
2026-09-12 11:45:00,11,Saturday,1,0,23.73,50.19,381.9,117.0,0,32.6,219.8,0.18,40.6,STANDBY,0,0,0,0,0,EMPTY
2026-09-12 12:00:00,12,Saturday,1,0,22.86,50.93,441.1,139.1,0,23.5,220.5,0.27,59.2,STANDBY,0,0,0,0,0,EMPTY
2026-09-12 12:15:00,12,Saturday,1,0,22.36,49.26,408.3,122.5,0,35.6,222.2,0.2,45.5,STANDBY,0,0,0,0,0,EMPTY
2026-09-12 12:30:00,12,Saturday,1,0,24.45,48.31,410.0,124.5,0,26.9,219.9,0.18,40.7,STANDBY,0,0,0,0,0,EMPTY
2026-09-12 12:45:00,12,Saturday,1,0,24.43,49.9,449.6,160.1,0,35.0,221.3,0.19,42.9,STANDBY,0,0,0,0,0,EMPTY
2026-09-12 13:00:00,13,Saturday,1,0,25.38,50.58,433.3,91.6,0,27.3,219.7,0.23,49.5,STANDBY,0,0,0,0,0,EMPTY
2026-09-12 13:15:00,13,Saturday,1,0,22.64,47.5,445.5,102.2,0,30.4,216.5,0.1,20.6,STANDBY,0,0,0,0,0,EMPTY
2026-09-12 13:30:00,13,Saturday,1,0,21.42,49.95,445.1,140.3,0,32.7,220.1,0.21,46.6,STANDBY,0,0,0,0,0,EMPTY
2026-09-12 13:45:00,13,Saturday,1,0,21.7,45.53,441.7,84.6,0,32.6,223.9,0.19,43.6,STANDBY,0,0,0,0,0,EMPTY
2026-09-12 14:00:00,14,Saturday,1,0,22.4,45.5,403.2,123.1,0,30.1,225.1,0.23,52.1,STANDBY,0,0,0,0,0,EMPTY
2026-09-12 14:15:00,14,Saturday,1,0,20.88,47.78,431.9,45.7,0,28.6,218.9,0.2,44.2,STANDBY,0,0,0,0,0,EMPTY
2026-09-12 14:30:00,14,Saturday,1,0,20.56,48.62,389.6,125.7,0,32.4,223.1,0.2,43.8,STANDBY,0,0,0,0,0,EMPTY
2026-09-12 14:45:00,14,Saturday,1,0,27.83,60.45,1520.3,402.8,1,75.7,222.1,18.81,4178.7,HIGH_USAGE,0,37,5,0,0,OCCUPIED
2026-09-12 15:00:00,15,Saturday,1,0,26.46,59.33,1110.2,468.1,1,67.0,222.8,12.5,2785.9,HIGH_USAGE,1,13,3,0,0,OCCUPIED
2026-09-12 15:15:00,15,Saturday,1,0,22.06,48.92,425.7,154.1,0,30.5,220.3,0.2,43.3,STANDBY,1,0,0,0,0,EMPTY
2026-09-12 15:30:00,15,Saturday,1,0,27.02,60.86,1176.0,444.8,0,64.3,223.8,15.36,3438.4,HIGH_USAGE,0,20,5,0,0,OCCUPIED
2026-09-12 15:45:00,15,Saturday,1,0,21.88,48.08,412.1,155.4,0,36.9,221.5,0.2,44.3,STANDBY,1,0,0,0,0,EMPTY
2026-09-12 16:00:00,16,Saturday,1,0,,47.94,406.4,74.9,0,32.5,221.4,0.2,44.3,STANDBY,0,0,0,0,0,EMPTY
2026-09-12 16:15:00,16,Saturday,1,0,21.18,42.96,383.3,157.7,0,31.9,223.9,0.18,41.3,STANDBY,0,0,0,0,0,EMPTY
2026-09-12 16:30:00,16,Saturday,1,0,22.05,44.42,433.2,77.7,0,31.8,217.9,0.19,40.3,STANDBY,0,0,0,0,0,EMPTY
2026-09-12 16:45:00,16,Saturday,1,0,20.93,51.16,469.7,132.2,0,36.0,219.9,0.19,41.0,STANDBY,0,0,0,0,0,EMPTY
2026-09-12 17:00:00,17,Saturday,1,0,21.64,47.43,418.7,164.4,0,24.2,223.6,0.18,41.3,STANDBY,0,0,0,0,0,EMPTY
2026-09-12 17:15:00,17,Saturday,1,0,21.13,48.21,443.2,116.6,0,30.8,223.5,0.15,32.9,STANDBY,0,0,0,0,0,EMPTY
2026-09-12 17:30:00,17,Saturday,1,0,21.02,48.71,428.8,105.5,1,30.8,223.2,3.42,763.6,WASTE_DETECTED,0,0,0,0,0,EMPTY
2026-09-12 17:45:00,17,Saturday,1,0,23.58,45.69,414.7,134.1,0,30.9,218.0,0.23,49.1,STANDBY,0,0,0,0,0,EMPTY
2026-09-12 18:00:00,18,Saturday,1,0,24.75,47.04,428.5,137.4,0,36.6,223.8,0.2,44.7,STANDBY,0,0,0,0,0,EMPTY
2026-09-12 18:15:00,18,Saturday,1,0,20.01,48.6,444.8,151.2,0,31.7,218.4,0.16,34.8,STANDBY,0,0,0,0,0,EMPTY
2026-09-12 18:30:00,18,Saturday,1,0,21.52,52.96,405.3,93.6,0,33.7,220.5,0.26,57.5,STANDBY,0,0,0,0,0,EMPTY
2026-09-12 18:45:00,18,Saturday,1,0,23.89,49.24,411.4,68.3,0,34.4,219.4,0.21,46.9,STANDBY,0,0,0,0,0,EMPTY
2026-09-12 19:00:00,19,Saturday,1,0,23.32,46.08,393.8,20.5,0,37.7,217.2,0.21,45.9,STANDBY,0,0,0,0,0,EMPTY
2026-09-12 19:15:00,19,Saturday,1,0,21.86,,358.4,12.4,0,31.9,220.5,0.26,56.4,STANDBY,0,0,0,0,0,EMPTY
2026-09-12 19:30:00,19,Saturday,1,0,21.99,49.57,447.4,12.4,0,31.2,217.6,0.18,40.2,STANDBY,0,0,0,0,0,EMPTY
2026-09-12 19:45:00,19,Saturday,1,0,23.48,48.44,412.8,30.4,0,32.1,219.7,0.22,48.4,STANDBY,0,0,0,0,0,EMPTY
2026-09-12 20:00:00,20,Saturday,1,0,20.21,51.43,428.3,7.1,0,30.2,218.1,0.16,34.7,STANDBY,0,0,0,0,0,EMPTY
2026-09-12 20:15:00,20,Saturday,1,0,23.05,53.88,420.9,19.0,0,34.3,217.6,0.2,42.7,STANDBY,0,0,0,0,0,EMPTY
2026-09-12 20:30:00,20,Saturday,1,0,22.65,48.38,396.3,7.9,0,31.5,219.2,0.26,57.0,STANDBY,0,0,0,0,0,EMPTY
2026-09-12 20:45:00,20,Saturday,1,0,23.36,47.52,410.1,12.1,0,32.2,219.8,2.84,624.1,WASTE_DETECTED,0,0,0,0,0,EMPTY
2026-09-12 21:00:00,21,Saturday,1,0,23.58,47.95,397.8,13.2,0,35.3,222.5,0.21,46.7,STANDBY,0,0,0,0,0,EMPTY
2026-09-12 21:15:00,21,Saturday,1,0,22.4,50.35,422.0,21.8,0,29.4,218.7,0.15,33.5,STANDBY,0,0,0,0,0,EMPTY
2026-09-12 21:30:00,21,Saturday,1,0,23.08,49.53,376.0,19.9,0,34.4,215.8,3.45,744.1,WASTE_DETECTED,0,0,0,0,0,EMPTY
2026-09-12 21:45:00,21,Saturday,1,0,20.0,48.84,370.3,11.3,0,26.4,222.5,0.15,32.8,STANDBY,0,0,0,0,0,EMPTY
2026-09-12 22:00:00,22,Saturday,1,0,22.6,53.2,454.4,11.9,0,36.4,218.8,0.26,56.9,STANDBY,0,0,0,0,0,EMPTY
2026-09-12 22:15:00,22,Saturday,1,0,24.11,49.07,403.7,12.1,0,28.3,222.9,3.69,823.2,WASTE_DETECTED,0,0,0,0,0,EMPTY
2026-09-12 22:30:00,22,Saturday,1,0,20.82,48.04,416.4,20.7,0,31.0,220.7,0.25,54.1,STANDBY,0,0,0,0,0,EMPTY
2026-09-12 22:45:00,22,Saturday,1,0,22.62,47.2,442.7,10.0,0,35.3,215.5,0.2,43.2,STANDBY,0,0,0,0,0,EMPTY
2026-09-12 23:00:00,23,Saturday,1,0,22.58,48.6,,17.3,0,28.0,221.3,0.19,41.0,STANDBY,0,0,0,0,0,EMPTY
2026-09-12 23:15:00,23,Saturday,1,0,22.78,49.6,444.0,10.5,0,31.5,220.2,0.2,44.4,STANDBY,0,0,0,0,0,EMPTY
2026-09-12 23:30:00,23,Saturday,1,0,22.23,49.98,393.3,10.5,0,29.7,212.4,0.23,48.4,STANDBY,0,0,0,0,0,EMPTY
2026-09-12 23:45:00,23,Saturday,1,0,20.62,52.59,427.6,16.4,0,37.0,224.3,0.19,42.0,STANDBY,0,0,0,0,0,EMPTY
2026-09-13 00:00:00,0,Sunday,1,0,26.18,48.54,445.1,14.5,0,32.3,217.4,0.2,43.5,STANDBY,0,0,0,0,0,EMPTY
2026-09-13 00:15:00,0,Sunday,1,0,22.01,51.15,414.8,14.5,0,30.3,217.8,0.27,57.9,STANDBY,0,0,0,0,0,EMPTY
2026-09-13 00:30:00,0,Sunday,1,0,28.74,57.45,1266.9,377.3,1,67.3,224.5,16.99,3812.9,HIGH_USAGE,0,28,5,0,0,OCCUPIED
2026-09-13 00:45:00,0,Sunday,1,0,22.77,43.21,445.4,18.2,0,33.7,222.8,0.2,43.9,STANDBY,1,0,0,0,0,EMPTY
2026-09-13 01:00:00,1,Sunday,1,0,22.13,50.46,431.9,19.6,0,32.0,222.1,0.21,47.4,STANDBY,0,0,0,0,0,EMPTY
2026-09-13 01:15:00,1,Sunday,1,0,23.7,57.3,370.3,21.0,0,30.4,220.4,0.21,46.3,STANDBY,0,0,0,0,0,EMPTY
2026-09-13 01:30:00,1,Sunday,1,0,22.77,48.21,385.4,15.0,0,34.9,219.2,0.17,36.3,STANDBY,0,0,0,0,0,EMPTY
2026-09-13 01:45:00,1,Sunday,1,0,20.53,48.95,410.3,16.4,0,36.9,222.1,0.21,45.8,STANDBY,0,0,0,0,0,EMPTY
2026-09-13 02:00:00,2,Sunday,1,0,24.24,48.31,396.4,10.3,0,33.6,216.7,0.24,51.7,STANDBY,0,0,0,0,0,EMPTY
2026-09-13 02:15:00,2,Sunday,1,0,23.26,48.86,442.8,14.0,0,35.5,221.5,0.2,44.0,STANDBY,0,0,0,0,0,EMPTY
2026-09-13 02:30:00,2,Sunday,1,0,23.36,54.41,449.3,11.2,0,29.1,219.6,0.24,53.7,STANDBY,0,0,0,0,0,EMPTY
2026-09-13 02:45:00,2,Sunday,1,0,23.15,46.35,373.8,19.1,0,35.3,220.1,0.24,53.5,STANDBY,0,0,0,0,0,EMPTY
2026-09-13 03:00:00,3,Sunday,1,0,21.72,45.53,389.9,12.1,0,24.9,220.5,0.24,53.4,STANDBY,0,0,0,0,0,EMPTY
2026-09-13 03:15:00,3,Sunday,1,0,25.03,43.23,423.8,6.9,0,28.9,217.2,0.25,55.2,STANDBY,0,0,0,0,0,EMPTY
2026-09-13 03:30:00,3,Sunday,1,0,22.67,44.58,423.3,13.3,1,31.9,216.2,0.21,46.2,STANDBY,0,0,0,0,0,EMPTY
2026-09-13 03:45:00,3,Sunday,1,0,18.97,43.72,417.7,16.6,0,29.8,219.2,0.2,43.6,STANDBY,0,0,0,0,0,EMPTY
2026-09-13 04:00:00,4,Sunday,1,0,21.33,44.37,416.3,11.8,0,29.9,222.2,0.24,53.0,STANDBY,0,0,0,0,0,EMPTY
2026-09-13 04:15:00,4,Sunday,1,0,21.29,53.09,388.1,17.3,1,36.2,220.6,0.2,43.5,STANDBY,0,0,0,0,0,EMPTY
2026-09-13 04:30:00,4,Sunday,1,0,21.82,48.51,415.9,11.3,0,30.4,218.2,0.26,56.0,STANDBY,0,0,0,0,0,EMPTY
2026-09-13 04:45:00,4,Sunday,1,0,21.11,51.41,418.3,10.7,0,33.4,218.3,0.25,54.6,STANDBY,0,0,0,0,0,EMPTY
2026-09-13 05:00:00,5,Sunday,1,0,22.4,47.33,455.0,13.0,0,36.1,224.8,0.27,59.6,STANDBY,0,0,0,0,0,EMPTY
2026-09-13 05:15:00,5,Sunday,1,0,23.42,50.82,402.9,5.6,0,29.3,220.4,0.23,50.1,STANDBY,0,0,0,0,0,EMPTY
2026-09-13 05:30:00,5,Sunday,1,0,22.19,46.28,418.8,12.7,0,34.9,220.3,0.17,36.8,STANDBY,0,0,0,0,0,EMPTY
2026-09-13 05:45:00,5,Sunday,1,0,21.69,45.16,404.5,11.9,0,34.6,221.0,0.17,38.6,STANDBY,0,0,0,0,0,EMPTY
2026-09-13 06:00:00,6,Sunday,1,0,22.13,50.51,420.7,30.2,1,31.8,219.0,0.26,56.1,STANDBY,0,0,0,0,0,EMPTY
2026-09-13 06:15:00,6,Sunday,1,0,21.96,45.31,431.2,59.1,0,31.6,217.2,0.24,51.3,STANDBY,0,0,0,0,0,EMPTY
2026-09-13 06:30:00,6,Sunday,1,0,21.19,50.98,419.9,135.8,0,36.2,218.8,3.19,697.1,WASTE_DETECTED,0,0,0,0,0,EMPTY
2026-09-13 06:45:00,6,Sunday,1,0,23.38,45.91,382.7,83.3,0,26.9,222.1,0.22,48.0,STANDBY,0,0,0,0,0,EMPTY
2026-09-13 07:00:00,7,Sunday,1,0,22.6,46.14,398.5,172.6,0,27.5,220.2,0.2,44.8,STANDBY,0,0,0,0,0,EMPTY
2026-09-13 07:15:00,7,Sunday,1,0,22.0,48.55,435.3,116.5,0,30.6,214.9,0.22,47.5,STANDBY,0,0,0,0,0,EMPTY
2026-09-13 07:30:00,7,Sunday,1,0,20.08,48.5,433.1,72.0,0,33.9,217.8,0.24,53.0,STANDBY,0,0,0,0,0,EMPTY
2026-09-13 07:45:00,7,Sunday,1,0,21.02,46.31,415.4,121.3,0,38.2,223.0,0.19,42.0,STANDBY,0,0,0,0,0,EMPTY
2026-09-13 08:00:00,8,Sunday,1,0,22.03,42.2,370.1,88.2,0,27.8,219.9,0.2,43.7,STANDBY,0,0,0,0,0,EMPTY
2026-09-13 08:15:00,8,Sunday,1,0,21.53,47.72,426.4,90.0,1,32.2,216.3,0.22,48.2,STANDBY,0,0,0,0,0,EMPTY
2026-09-13 08:30:00,8,Sunday,1,0,25.69,50.27,376.1,184.0,0,32.5,221.9,3.23,717.2,WASTE_DETECTED,0,0,0,0,0,EMPTY
2026-09-13 08:45:00,8,Sunday,1,0,21.69,50.69,390.6,135.3,0,31.7,222.8,0.24,53.2,STANDBY,0,0,0,0,0,EMPTY
2026-09-13 09:00:00,9,Sunday,1,0,22.72,49.61,441.6,148.5,0,35.1,216.5,0.26,56.6,STANDBY,0,0,0,0,0,EMPTY
2026-09-13 09:15:00,9,Sunday,1,0,21.86,43.8,430.9,117.8,0,26.7,223.6,0.25,57.0,STANDBY,0,0,0,0,0,EMPTY
2026-09-13 09:30:00,9,Sunday,1,0,22.26,48.39,448.1,74.1,0,32.0,220.1,0.19,42.0,STANDBY,0,0,0,0,0,EMPTY
2026-09-13 09:45:00,9,Sunday,1,0,23.89,46.21,413.3,88.5,0,29.0,221.6,0.28,61.7,STANDBY,0,0,0,0,0,EMPTY
2026-09-13 10:00:00,10,Sunday,1,0,23.69,50.04,412.7,45.0,0,32.8,222.4,3.35,745.8,WASTE_DETECTED,0,0,0,0,0,EMPTY
2026-09-13 10:15:00,10,Sunday,1,0,25.81,47.19,417.6,96.5,0,32.7,222.5,0.18,40.3,STANDBY,0,0,0,0,0,EMPTY
2026-09-13 10:30:00,10,Sunday,1,0,23.44,47.76,436.9,129.8,0,34.3,220.3,0.18,38.8,STANDBY,0,0,0,0,0,EMPTY
2026-09-13 10:45:00,10,Sunday,1,0,24.39,44.91,440.2,89.0,0,31.0,218.7,0.2,44.8,STANDBY,0,0,0,0,0,EMPTY
2026-09-13 11:00:00,11,Sunday,1,0,22.93,51.87,465.8,94.5,0,29.0,219.5,0.15,34.0,STANDBY,0,0,0,0,0,EMPTY
2026-09-13 11:15:00,11,Sunday,1,0,22.68,45.83,430.1,109.6,0,31.2,223.6,0.23,51.8,STANDBY,0,0,0,0,0,EMPTY
2026-09-13 11:30:00,11,Sunday,1,0,20.85,42.51,453.3,128.5,0,32.9,222.2,0.22,49.6,STANDBY,0,0,0,0,0,EMPTY
2026-09-13 11:45:00,11,Sunday,1,0,22.24,52.35,385.9,98.7,0,30.4,222.5,0.18,40.1,STANDBY,0,0,0,0,0,EMPTY
2026-09-13 12:00:00,12,Sunday,1,0,24.27,48.36,391.4,129.2,0,28.8,218.7,0.18,39.7,STANDBY,0,0,0,0,0,EMPTY
2026-09-13 12:15:00,12,Sunday,1,0,20.27,47.19,410.4,148.3,0,36.4,216.6,0.23,50.2,STANDBY,0,0,0,0,0,EMPTY
2026-09-13 12:30:00,12,Sunday,1,0,22.29,47.16,416.3,125.3,0,31.9,218.3,0.28,60.7,STANDBY,0,0,0,0,0,EMPTY
2026-09-13 12:45:00,12,Sunday,1,0,22.92,,403.8,178.3,0,32.0,212.2,0.16,34.9,STANDBY,0,0,0,0,0,EMPTY
2026-09-13 13:00:00,13,Sunday,1,0,22.69,44.29,403.9,186.8,0,32.8,215.7,0.23,49.8,STANDBY,0,0,0,0,0,EMPTY
2026-09-13 13:15:00,13,Sunday,1,0,21.64,49.19,405.1,107.1,0,32.1,222.1,3.98,883.2,WASTE_DETECTED,0,0,0,0,0,EMPTY
2026-09-13 13:30:00,13,Sunday,1,0,27.37,63.44,1509.0,450.2,1,79.0,224.3,18.37,4120.9,HIGH_USAGE,0,29,5,0,0,OCCUPIED
2026-09-13 13:45:00,13,Sunday,1,0,22.06,47.79,359.2,89.1,0,28.4,214.1,0.22,46.1,STANDBY,1,0,0,0,0,EMPTY
2026-09-13 14:00:00,14,Sunday,1,0,23.07,46.85,432.2,108.5,0,28.1,218.2,0.23,51.1,STANDBY,0,0,0,0,0,EMPTY
2026-09-13 14:15:00,14,Sunday,1,0,21.71,43.93,418.9,97.3,0,32.6,222.3,0.19,42.4,STANDBY,0,0,0,0,0,EMPTY
2026-09-13 14:30:00,14,Sunday,1,0,22.68,52.62,406.1,153.9,0,33.7,222.3,0.18,40.3,STANDBY,0,0,0,0,0,EMPTY
2026-09-13 14:45:00,14,Sunday,1,0,22.85,47.41,436.7,138.8,0,34.2,220.4,0.17,37.4,STANDBY,0,0,0,0,0,EMPTY
2026-09-13 15:00:00,15,Sunday,1,0,25.35,45.95,418.1,107.4,0,26.5,216.0,0.14,29.7,STANDBY,0,0,0,0,0,EMPTY
2026-09-13 15:15:00,15,Sunday,1,0,21.67,47.52,400.6,182.5,0,36.0,221.9,0.2,43.7,STANDBY,0,0,0,0,0,EMPTY
2026-09-13 15:30:00,15,Sunday,1,0,22.62,50.58,363.2,90.8,0,34.1,216.4,0.14,29.7,STANDBY,0,0,0,0,0,EMPTY
2026-09-13 15:45:00,15,Sunday,1,0,21.85,48.52,416.2,164.9,0,36.5,216.9,0.2,43.6,STANDBY,0,0,0,0,0,EMPTY
2026-09-13 16:00:00,16,Sunday,1,0,21.77,45.85,412.0,123.0,0,34.6,217.2,0.22,48.7,STANDBY,0,0,0,0,0,EMPTY
2026-09-13 16:15:00,16,Sunday,1,0,42.0,47.36,2600.0,128.1,0,29.7,190.0,0.27,50.4,STANDBY,0,0,0,0,1,EMPTY
2026-09-13 16:30:00,16,Sunday,1,0,20.6,46.79,390.1,77.2,0,36.9,216.5,3.11,673.4,WASTE_DETECTED,0,0,0,0,0,EMPTY
2026-09-13 16:45:00,16,Sunday,1,0,21.04,47.95,405.9,83.0,0,31.4,225.5,0.15,32.7,STANDBY,0,0,0,0,0,EMPTY
2026-09-13 17:00:00,17,Sunday,1,0,22.66,46.31,412.8,90.4,0,30.7,220.8,0.26,56.5,STANDBY,0,0,0,0,0,EMPTY
2026-09-13 17:15:00,17,Sunday,1,0,21.24,43.15,396.5,134.2,0,33.2,222.6,0.17,37.6,STANDBY,0,0,0,0,0,EMPTY
2026-09-13 17:30:00,17,Sunday,1,0,23.35,47.98,423.7,126.4,0,34.7,218.9,3.68,805.9,WASTE_DETECTED,0,0,0,0,0,EMPTY
2026-09-13 17:45:00,17,Sunday,1,0,23.01,44.16,406.5,112.3,0,31.6,217.6,0.18,38.9,STANDBY,0,0,0,0,0,EMPTY
2026-09-13 18:00:00,18,Sunday,1,0,22.55,48.69,419.7,134.7,0,29.4,216.8,0.15,32.2,STANDBY,0,0,0,0,0,EMPTY
2026-09-13 18:15:00,18,Sunday,1,0,24.84,42.03,363.3,121.1,0,28.5,221.6,0.18,38.8,STANDBY,0,0,0,0,0,EMPTY
2026-09-13 18:30:00,18,Sunday,1,0,20.59,49.89,420.0,177.1,0,35.5,219.5,0.17,37.6,STANDBY,0,0,0,0,0,EMPTY
2026-09-13 18:45:00,18,Sunday,1,0,21.79,46.93,403.8,105.0,0,30.5,220.4,0.2,43.2,STANDBY,0,0,0,0,0,EMPTY
2026-09-13 19:00:00,19,Sunday,1,0,22.9,48.72,427.4,13.7,0,35.8,219.0,0.2,44.7,STANDBY,0,0,0,0,0,EMPTY
2026-09-13 19:15:00,19,Sunday,1,0,22.11,47.79,438.4,13.2,0,34.6,218.9,0.17,36.2,STANDBY,0,0,0,0,0,EMPTY
2026-09-13 19:30:00,19,Sunday,1,0,21.99,46.08,380.5,7.2,0,33.9,219.2,0.22,47.2,STANDBY,0,0,0,0,0,EMPTY
2026-09-13 19:45:00,19,Sunday,1,0,23.35,56.78,434.8,9.0,0,29.7,220.7,0.26,56.4,STANDBY,0,0,0,0,0,EMPTY
